record_id,zone_id,hour_of_day,speed_kmph,stop_duration_sec,route_deviation_m,isolation_score,crowd_density,dwell_events,direction_changes,is_anomaly
REC00176,zone-01,0,2.52,13.8,27.4,0.606,0.336,0,0,0
REC00626,zone-03,7,3.12,12.2,32.7,0.471,0.401,0,0,0
REC01166,zone-04,5,7.35,85.1,217.6,0.858,0.172,2,3,1
REC01875,zone-07,21,2.7,80.1,133.9,0.712,0.273,1,2,1
REC00040,zone-01,12,3.41,14.7,29.0,0.632,0.308,0,1,0
REC00555,zone-02,4,6.9,170.9,100.2,0.693,0.068,1,3,1
REC00449,zone-02,14,5.67,18.4,29.5,0.41,0.431,1,1,0
REC00964,zone-04,22,5.56,17.2,19.0,0.839,0.194,1,1,0
REC01334,zone-05,23,4.82,22.6,37.6,0.773,0.136,0,1,0
REC01417,zone-05,16,7.66,138.5,193.6,0.389,0.593,2,5,1
REC00716,zone-03,17,8.94,65.3,187.3,0.49,0.443,1,5,1
REC00565,zone-02,1,7.7,63.7,221.6,0.886,0.022,2,4,1
REC01088,zone-04,20,5.24,10.9,10.2,0.272,0.75,0,0,0
REC00508,zone-02,6,2.45,0,13.4,0.633,0.146,0,0,0
REC00915,zone-04,6,4.71,21.8,20.7,0.304,0.681,0,1,0
REC00592,zone-02,5,5.98,27.8,24.3,1.0,0.078,0,0,0
REC01844,zone-07,23,4.06,18.6,15.6,0.515,0.507,0,1,0
REC02048,zone-07,23,4.63,21.2,30.1,0.544,0.399,0,0,0
REC00589,zone-02,9,5.3,9.1,40.9,0.538,0.487,0,1,0
REC01081,zone-04,5,2.99,15.8,11.9,0.464,0.396,0,0,0
REC01828,zone-07,6,4.34,25.2,0,0.146,0.865,0,0,0
REC00140,zone-01,20,0.9,170.9,133.7,1.0,0.101,3,3,1
REC01919,zone-07,20,0,197.5,252.5,0.274,0.733,1,2,1
REC01442,zone-05,15,0,109.0,123.4,0.418,0.587,2,2,1
REC01357,zone-05,22,0,127.4,134.5,0.792,0.195,1,2,1
REC01203,zone-05,19,9.15,104.7,162.7,0.538,0.518,2,3,1
REC00108,zone-01,16,4.91,17.1,26.1,0.665,0.184,0,0,0
REC01843,zone-07,19,2.52,14.4,20.7,0.021,0.98,1,0,0
REC01753,zone-06,4,8.62,132.2,175.7,0.755,0.192,2,4,1
REC01883,zone-07,23,0,109.1,156.4,0.789,0.272,2,2,1
REC00073,zone-01,1,5.95,25.8,15.2,0.921,0.02,1,0,0
REC01275,zone-05,14,5.06,12.9,27.3,0.477,0.451,0,0,0
REC00122,zone-01,2,5.92,23.7,24.4,0.972,0.111,0,2,0
REC00242,zone-01,20,4.54,17.7,21.0,0.658,0.195,0,0,0
REC01528,zone-06,0,0.57,179.4,122.2,0.701,0.163,2,3,1
REC01156,zone-04,2,0.28,99.3,127.1,0.619,0.209,2,3,1
REC01836,zone-07,20,4.28,21.3,28.0,0.147,0.817,0,0,0
REC01491,zone-05,2,5.88,23.9,22.2,0.977,0.02,0,1,0
REC00616,zone-03,4,2.9,6.5,20.7,0.586,0.223,0,0,0
REC00316,zone-02,9,10.89,158.6,128.7,0.675,0.129,1,3,1
REC00058,zone-01,6,9.82,171.8,135.3,0.506,0.301,2,3,1
REC01971,zone-07,1,2.31,12.4,23.7,0.821,0.229,0,0,0
REC00141,zone-01,4,4.85,13.3,36.6,0.983,0.13,0,0,0
REC00233,zone-01,0,3.01,19.2,17.0,0.693,0.02,0,2,0
REC00769,zone-03,20,5.79,19.0,15.5,0.348,0.693,0,0,0
REC00897,zone-03,2,4.06,23.6,7.4,0.699,0.384,1,0,0
REC01805,zone-07,11,2.75,9.1,12.0,0.126,0.878,0,1,0
REC01267,zone-05,22,5.54,29.8,29.9,0.567,0.268,0,0,0
REC01929,zone-07,7,5.28,10.8,23.8,0.262,0.73,1,0,0
REC00610,zone-03,1,3.89,16.9,29.4,0.68,0.207,0,1,0
REC00765,zone-03,20,3.3,10.6,10.6,0.276,0.665,0,0,0
REC01535,zone-06,21,5.82,25.0,26.6,0.641,0.257,0,1,0
REC00231,zone-01,1,4.23,23.4,2.7,0.783,0.228,0,2,0
REC02006,zone-07,3,5.62,5.4,38.2,0.837,0.161,0,0,0
REC01994,zone-07,2,2.96,1.1,22.8,0.568,0.415,0,0,0
REC01130,zone-04,4,0,111.3,114.5,1.0,0.02,3,4,1
REC01349,zone-05,22,11.28,79.2,274.2,0.495,0.378,2,3,1
REC01254,zone-05,23,3.86,9.5,24.5,0.911,0.02,1,0,0
REC00651,zone-03,6,5.44,29.7,16.3,0.652,0.292,0,0,0
REC00901,zone-04,0,6.17,25.7,38.8,0.662,0.084,0,0,0
REC00683,zone-03,5,4.68,16.6,22.7,0.741,0.054,0,0,0
REC00315,zone-02,3,3.44,21.1,28.0,0.745,0.128,0,1,0
REC01776,zone-06,19,0,131.0,112.9,0.296,0.633,3,2,1
REC00114,zone-01,6,5.76,13.2,16.5,0.987,0.065,0,0,0
REC00476,zone-02,8,6.15,17.6,24.0,0.537,0.448,0,1,0
REC01471,zone-05,14,3.5,12.3,0,0.551,0.515,0,1,0
REC00426,zone-02,20,5.3,14.7,4.9,0.535,0.415,0,0,0
REC00136,zone-01,7,4.48,10.9,20.3,0.837,0.248,1,0,0
REC00076,zone-01,15,6.93,9.1,22.2,0.638,0.165,0,0,0
REC01415,zone-05,6,3.89,14.6,20.6,0.462,0.563,0,0,0
REC00033,zone-01,2,7.57,152.2,125.6,0.763,0.183,1,4,1
REC01060,zone-04,23,3.88,24.8,50.0,0.743,0.274,0,0,0
REC01591,zone-06,20,4.24,16.9,26.8,0.527,0.448,0,1,0
REC00053,zone-01,4,4.67,13.3,6.3,0.479,0.351,0,0,0
REC01953,zone-07,16,7.07,11.9,23.0,0.129,0.857,0,0,0
REC00352,zone-02,2,0,180.3,211.5,1.0,0.02,3,3,1
REC00710,zone-03,19,6.03,19.7,12.5,0.515,0.351,0,0,0
REC00157,zone-01,4,6.65,6.6,36.4,0.698,0.183,0,0,0
REC01460,zone-05,9,2.95,0,19.5,0.347,0.618,0,0,0
REC00630,zone-03,11,4.95,21.5,12.2,0.395,0.458,0,0,0
REC00232,zone-01,9,5.31,25.7,37.2,0.845,0.107,0,1,0
REC00503,zone-02,0,4.26,0,21.4,0.692,0.23,0,0,0
REC01623,zone-06,3,4.1,3.1,16.1,0.428,0.396,0,2,0
REC02018,zone-07,11,4.11,10.0,22.7,0.022,0.98,0,0,0
REC01835,zone-07,2,5.35,0,15.7,0.435,0.439,0,1,0
REC01641,zone-06,2,4.65,152.1,268.9,0.623,0.367,1,5,1
REC01287,zone-05,7,7.08,39.3,13.7,0.409,0.51,0,0,0
REC01739,zone-06,22,9.6,141.5,118.8,0.553,0.394,1,3,1
REC00667,zone-03,21,0.51,17.3,33.8,0.93,0.151,0,1,0
REC00635,zone-03,10,3.56,16.5,35.3,0.31,0.588,0,2,0
REC00185,zone-01,2,0,165.1,105.0,0.868,0.02,2,2,1
REC00240,zone-01,0,2.86,22.1,29.2,0.647,0.299,0,0,0
REC00596,zone-02,21,2.98,8.5,33.1,0.72,0.224,0,1,0
REC00991,zone-04,11,5.96,9.0,18.9,0.412,0.597,0,2,0
REC01534,zone-06,22,3.65,14.5,46.8,0.559,0.281,1,0,0
REC00902,zone-04,12,7.37,149.1,140.7,0.205,0.732,1,5,1
REC01178,zone-04,9,1.6,80.2,103.2,0.532,0.522,1,2,1
REC00081,zone-01,7,3.64,11.3,39.1,0.726,0.02,0,0,0
REC00406,zone-02,18,3.91,15.1,34.1,0.708,0.324,0,0,0
REC02092,zone-07,22,7.45,176.0,236.7,0.733,0.174,3,5,1
REC01177,zone-04,4,2.46,8.9,26.0,0.74,0.297,1,1,0
REC00827,zone-03,2,2.81,18.6,21.9,0.713,0.2,0,0,0
REC00599,zone-02,4,0,139.5,206.3,0.753,0.13,3,5,1
REC00703,zone-03,8,4.35,10.4,25.2,0.5,0.348,0,0,0
REC00512,zone-02,11,3.7,14.2,6.2,0.48,0.345,0,1,0
REC01343,zone-05,23,9.46,180.3,255.0,0.867,0.16,1,5,1
REC01948,zone-07,2,3.31,8.4,8.7,0.467,0.393,0,0,0
REC00524,zone-02,2,10.32,175.8,218.9,0.532,0.268,2,2,1
REC00306,zone-02,4,5.28,17.2,21.5,0.626,0.253,1,0,0
REC01977,zone-07,1,4.62,16.7,31.6,0.732,0.188,0,0,0
REC01044,zone-04,10,5.19,25.9,22.4,0.278,0.686,0,0,0
REC01369,zone-05,4,9.18,128.3,261.0,0.929,0.179,2,5,1
REC00133,zone-01,23,6.98,55.0,244.2,0.883,0.105,1,3,1
REC00086,zone-01,0,5.35,15.9,34.8,0.416,0.447,0,0,0
REC01585,zone-06,19,4.55,15.5,33.7,0.492,0.514,0,0,0
REC01957,zone-07,14,4.82,15.6,23.3,0.072,0.922,0,0,0
REC00677,zone-03,0,1.74,114.0,95.1,0.73,0.237,2,2,1
REC01125,zone-04,6,6.46,17.7,7.9,0.402,0.535,0,2,0
REC00252,zone-01,3,9.25,132.9,181.6,1.0,0.02,2,2,1
REC01127,zone-04,18,4.2,13.2,42.7,0.184,0.77,0,0,0
REC01931,zone-07,2,3.26,14.5,20.4,0.564,0.238,1,0,0
REC00731,zone-03,5,4.71,10.7,22.8,0.881,0.096,1,0,0
REC00148,zone-01,21,3.7,18.3,24.0,0.69,0.02,0,0,0
REC01047,zone-04,8,3.41,18.9,32.0,0.407,0.497,0,1,0
REC00288,zone-01,18,4.88,9.9,27.8,0.591,0.28,0,0,0
REC01699,zone-06,21,8.65,54.9,226.6,0.809,0.175,1,2,1
REC00229,zone-01,21,4.88,9.6,11.6,0.965,0.02,0,1,0
REC00542,zone-02,12,4.43,31.8,0.7,0.686,0.177,0,2,0
REC00509,zone-02,16,4.78,19.5,37.3,0.554,0.365,1,0,0
REC01769,zone-06,4,1.24,144.2,176.3,0.76,0.304,1,5,1
REC00605,zone-03,23,8.28,73.5,245.9,0.474,0.511,1,2,1
REC00057,zone-01,22,3.94,16.0,23.6,0.88,0.02,1,0,0
REC01208,zone-05,2,4.57,14.2,31.6,0.599,0.389,0,1,0
REC01393,zone-05,23,5.02,10.7,17.5,0.442,0.378,0,0,0
REC00893,zone-03,23,3.35,17.1,24.2,0.547,0.295,0,1,0
REC00297,zone-01,20,3.33,5.5,9.6,0.716,0.325,0,1,0
REC00381,zone-02,4,3.14,14.2,27.5,0.634,0.339,0,0,0
REC01153,zone-04,8,5.0,20.4,38.6,0.412,0.617,0,0,0
REC02050,zone-07,0,4.18,4.3,24.1,0.615,0.332,1,1,0
REC01988,zone-07,13,10.88,160.2,164.9,0.17,0.797,1,4,1
REC00313,zone-02,20,0,168.9,138.0,0.53,0.521,2,3,1
REC00868,zone-03,0,4.85,19.5,26.9,0.756,0.252,0,0,0
REC00423,zone-02,18,4.05,29.1,25.1,0.62,0.373,0,1,0
REC00256,zone-01,4,4.93,17.0,4.4,0.749,0.053,0,0,0
REC00983,zone-04,1,7.13,100.9,188.4,0.947,0.118,2,2,1
REC00198,zone-01,3,3.56,8.4,37.5,0.971,0.12,0,2,0
REC01543,zone-06,8,4.73,20.9,6.4,0.34,0.523,1,1,0
REC01171,zone-04,1,5.23,27.1,22.3,0.673,0.134,0,2,0
REC00686,zone-03,16,4.89,2.9,22.8,0.342,0.564,0,0,0
REC01903,zone-07,22,3.34,23.2,28.9,0.664,0.389,0,0,0
REC01599,zone-06,4,0,145.5,181.8,0.599,0.398,2,4,1
REC01730,zone-06,22,3.6,22.4,17.8,0.653,0.078,0,0,0
REC00848,zone-03,6,1.99,146.1,186.5,0.487,0.369,1,5,1
REC02057,zone-07,4,0,112.1,254.6,0.573,0.357,3,4,1
REC02012,zone-07,17,3.97,20.2,16.5,0.049,0.941,0,0,0
REC01040,zone-04,23,4.32,18.5,45.2,0.541,0.37,0,1,0
REC01458,zone-05,21,6.56,10.8,19.2,0.664,0.41,0,0,0
REC00548,zone-02,0,4.04,0.1,34.3,0.492,0.335,0,0,0
REC01789,zone-06,0,5.32,29.8,17.0,0.568,0.216,0,0,0
REC00939,zone-04,2,1.83,145.7,158.0,0.456,0.433,1,3,1
REC00477,zone-02,16,3.19,5.5,28.6,0.538,0.389,0,2,0
REC00173,zone-01,20,1.21,178.0,161.0,0.846,0.02,2,4,1
REC01320,zone-05,1,4.42,14.5,22.4,0.694,0.173,1,0,0
REC00067,zone-01,12,0,83.6,290.8,0.744,0.266,3,3,1
REC00390,zone-02,19,3.81,12.0,15.1,0.464,0.44,0,1,0
REC01466,zone-05,22,8.13,75.7,118.9,0.687,0.339,1,4,1
REC00774,zone-03,3,0,155.2,262.8,0.804,0.18,1,2,1
REC00392,zone-02,16,2.75,80.9,139.9,0.726,0.333,2,4,1
REC02016,zone-07,18,6.08,0,26.8,0.137,0.844,0,2,0
REC00880,zone-03,22,6.42,18.0,18.5,0.595,0.207,0,0,0
REC00348,zone-02,5,0,188.5,276.1,0.912,0.02,2,3,1
REC00920,zone-04,5,3.75,17.8,14.3,0.627,0.13,0,0,0
REC00930,zone-04,19,3.76,15.3,24.7,0.321,0.707,1,1,0
REC01832,zone-07,1,5.55,7.4,12.8,0.535,0.484,0,0,0
REC01587,zone-06,2,9.01,87.6,90.7,0.728,0.21,1,5,1
REC01598,zone-06,21,5.75,24.9,41.7,0.464,0.524,0,0,0
REC01394,zone-05,22,8.75,165.8,164.2,0.659,0.173,2,3,1
REC00926,zone-04,21,4.49,23.7,2.8,0.987,0.107,0,0,0
REC01337,zone-05,23,4.34,13.3,5.7,0.734,0.02,0,0,0
REC02068,zone-07,2,4.25,4.5,24.1,0.637,0.267,0,0,0
REC01851,zone-07,21,5.15,12.9,20.6,0.762,0.273,0,0,0
REC01775,zone-06,0,5.21,12.1,19.4,0.749,0.192,0,0,0
REC00657,zone-03,22,0,125.3,207.8,0.87,0.178,2,2,1
REC01414,zone-05,19,5.22,3.1,25.4,0.703,0.387,0,2,0
REC01923,zone-07,2,3.14,21.2,20.1,0.741,0.175,0,0,0
REC00545,zone-02,1,8.24,92.2,116.4,0.792,0.061,1,5,1
REC01207,zone-05,0,5.77,29.5,32.0,0.653,0.238,0,1,0
REC00933,zone-04,0,5.15,0,14.9,0.624,0.414,0,1,0
REC01260,zone-05,6,4.72,22.9,3.9,0.565,0.486,0,1,0
REC01322,zone-05,2,6.42,12.5,42.7,0.586,0.271,0,0,0
REC00469,zone-02,14,5.14,3.4,17.7,0.386,0.465,0,0,0
REC01141,zone-04,17,5.72,7.2,17.6,0.492,0.487,0,0,0
REC00448,zone-02,22,8.9,59.4,199.2,0.694,0.179,2,5,1
REC00643,zone-03,19,5.43,23.9,10.3,0.529,0.507,0,0,0
REC01293,zone-05,6,7.53,156.3,168.1,0.38,0.607,2,2,1
REC01505,zone-06,1,4.5,21.0,19.7,0.795,0.279,0,2,0
REC00351,zone-02,7,4.0,21.4,10.7,0.633,0.385,0,0,0
REC01496,zone-05,7,4.45,21.8,39.4,0.408,0.421,0,0,0
REC01646,zone-06,3,5.38,11.9,28.4,0.601,0.401,0,0,0
REC00215,zone-01,2,4.42,20.5,33.0,0.663,0.149,1,0,0
REC01494,zone-05,15,3.94,21.2,0,0.169,0.818,1,2,0
REC00004,zone-01,1,0,181.4,224.4,0.746,0.103,3,3,1
REC00889,zone-03,3,0,105.8,204.9,0.805,0.081,2,2,1
REC01054,zone-04,4,0.15,113.9,219.5,0.669,0.284,2,2,1
REC02026,zone-07,19,6.09,16.4,3.0,0.077,0.891,0,0,0
REC00188,zone-01,3,7.8,165.5,161.9,1.0,0.02,3,4,1
REC01489,zone-05,2,0.58,115.4,271.3,0.996,0.066,2,3,1
REC01582,zone-06,6,4.43,24.2,25.9,0.663,0.364,0,1,0
REC01780,zone-06,4,4.42,10.7,17.6,0.775,0.247,0,0,0
REC01150,zone-04,18,5.01,12.4,15.5,0.495,0.382,1,0,0
REC00151,zone-01,8,3.68,11.4,15.3,0.816,0.037,1,1,0
REC01751,zone-06,10,4.12,11.8,47.9,0.324,0.611,0,0,0
REC01160,zone-04,22,1.35,55.0,252.0,0.785,0.02,1,3,1
REC01708,zone-06,1,3.59,5.9,29.1,0.745,0.305,1,0,0
REC01363,zone-05,21,4.41,20.9,0,0.612,0.159,1,0,0
REC01510,zone-06,2,10.37,189.8,179.1,0.706,0.203,2,3,1
REC00161,zone-01,3,4.6,26.3,12.4,0.924,0.02,0,0,0
REC01523,zone-06,23,4.62,5.0,31.5,0.6,0.356,1,0,0
REC01566,zone-06,18,4.46,17.3,5.0,0.37,0.601,0,0,0
REC00364,zone-02,5,2.24,7.5,14.2,0.831,0.228,0,1,0
REC00090,zone-01,23,4.81,16.2,12.1,0.958,0.163,0,0,0
REC01531,zone-06,12,4.96,2.5,23.0,0.369,0.497,0,0,0
REC00404,zone-02,19,4.33,12.7,30.8,0.649,0.292,0,0,0
REC00492,zone-02,13,7.17,141.1,129.5,0.671,0.193,1,4,1
REC01027,zone-04,21,7.6,156.8,227.6,0.564,0.277,2,2,1
REC01784,zone-06,20,4.7,3.8,33.7,0.363,0.656,0,0,0
REC01549,zone-06,7,5.49,20.5,15.2,0.538,0.496,0,0,0
REC00712,zone-03,14,5.48,6.1,20.8,0.428,0.552,0,0,0
REC01694,zone-06,0,9.13,101.6,171.2,0.859,0.075,1,4,1
REC01936,zone-07,8,5.2,7.6,14.8,0.165,0.851,0,1,0
REC00495,zone-02,5,3.0,1.4,9.2,0.747,0.037,0,0,0
REC00778,zone-03,4,3.35,10.1,0,0.675,0.28,0,0,0
REC00048,zone-01,12,6.17,20.4,34.3,0.85,0.187,0,0,0
REC01255,zone-05,1,0.45,102.3,243.1,0.668,0.124,3,4,1
REC01355,zone-05,1,0,161.4,217.7,0.833,0.193,3,4,1
REC01056,zone-04,15,5.39,19.2,11.7,0.306,0.603,0,1,0
REC01612,zone-06,1,4.38,27.6,24.8,1.0,0.077,1,0,0
REC01569,zone-06,18,5.47,25.4,5.6,0.175,0.78,0,0,0
REC01802,zone-07,4,3.21,25.0,22.0,0.36,0.487,0,1,0
REC00356,zone-02,0,4.09,10.7,12.9,1.0,0.107,0,0,0
REC00224,zone-01,19,3.12,25.4,33.6,0.627,0.165,0,0,0
REC01315,zone-05,16,3.83,6.3,31.2,0.345,0.67,0,0,0
REC00539,zone-02,2,7.19,20.3,32.6,0.904,0.076,0,0,0
REC01169,zone-04,1,3.6,6.5,27.5,0.753,0.02,0,0,0
REC01145,zone-04,10,3.44,20.3,22.3,0.368,0.634,0,0,0
REC00079,zone-01,0,3.7,11.8,40.9,1.0,0.02,0,0,0
REC01037,zone-04,21,8.27,117.4,116.4,0.585,0.386,2,4,1
REC01016,zone-04,14,2.82,15.5,39.2,0.471,0.484,0,0,0
REC01984,zone-07,1,7.22,72.1,229.1,0.761,0.226,1,2,1
REC00021,zone-01,21,2.31,64.8,110.4,0.568,0.228,2,3,1
REC00722,zone-03,6,1.56,175.9,183.8,0.451,0.502,3,4,1
REC02034,zone-07,20,5.59,7.0,18.5,0.039,0.963,0,2,0
REC00932,zone-04,3,4.58,10.0,9.7,0.695,0.251,0,1,0
REC01111,zone-04,4,0,114.6,190.7,0.647,0.204,1,3,1
REC00523,zone-02,22,6.49,11.7,24.2,0.625,0.309,0,0,0
REC00180,zone-01,3,5.11,7.4,0,0.714,0.207,0,0,0
REC00301,zone-02,5,3.87,25.7,25.6,0.734,0.025,0,0,0
REC01881,zone-07,2,4.61,24.3,42.1,0.661,0.238,0,0,0
REC00353,zone-02,20,4.79,22.8,10.8,0.525,0.358,0,0,0
REC00728,zone-03,21,3.76,10.0,19.0,0.883,0.192,0,0,0
REC00900,zone-03,2,4.53,9.6,22.4,0.686,0.176,0,0,0
REC00869,zone-03,16,4.91,32.1,11.0,0.595,0.336,0,0,0
REC02032,zone-07,3,4.04,13.1,32.5,0.706,0.221,0,0,0
REC01052,zone-04,19,5.7,15.4,33.8,0.433,0.433,0,0,0
REC00056,zone-01,14,0,148.3,111.8,0.521,0.375,3,3,1
REC00971,zone-04,1,2.35,25.1,31.1,0.628,0.124,0,0,0
REC00355,zone-02,22,1.61,178.9,158.8,0.833,0.258,3,5,1
REC01799,zone-06,19,0,197.2,130.1,0.444,0.575,1,3,1
REC01282,zone-05,19,0,85.9,203.9,0.515,0.506,2,4,1
REC01576,zone-06,2,0,181.5,228.7,0.512,0.409,1,5,1
REC00536,zone-02,22,4.69,20.1,21.0,1.0,0.02,0,1,0
REC01244,zone-05,2,3.45,17.9,12.7,0.719,0.203,1,0,0
REC00190,zone-01,13,3.6,16.3,35.5,0.685,0.131,0,0,0
REC00636,zone-03,20,8.4,199.6,204.2,0.476,0.569,3,4,1
REC00323,zone-02,16,3.6,8.0,23.0,0.528,0.469,0,1,0
REC01216,zone-05,19,4.25,13.7,20.3,0.517,0.538,0,0,0
REC00768,zone-03,21,4.67,18.5,7.2,0.591,0.372,0,0,0
REC01124,zone-04,7,3.13,18.8,33.4,0.671,0.147,0,0,0
REC00478,zone-02,4,3.15,2.1,28.3,0.839,0.203,0,0,0
REC00420,zone-02,0,4.43,17.6,0,0.654,0.223,0,1,0
REC00595,zone-02,21,9.65,117.2,223.9,0.667,0.209,2,5,1
REC01711,zone-06,22,4.48,8.2,0,0.677,0.213,0,0,0
REC00335,zone-02,22,2.38,7.0,3.9,0.746,0.267,0,0,0
REC00689,zone-03,6,4.39,8.6,31.9,0.313,0.556,0,0,0
REC01686,zone-06,2,4.79,16.5,9.2,0.897,0.206,0,0,0
REC01101,zone-04,23,4.49,15.3,22.2,0.756,0.299,0,0,0
REC00874,zone-03,2,0.79,138.1,172.0,0.795,0.213,1,2,1
REC01226,zone-05,3,3.68,9.3,0.7,1.0,0.02,0,0,0
REC01326,zone-05,1,5.89,22.6,7.4,0.664,0.305,0,0,0
REC02076,zone-07,22,2.85,158.0,176.8,0.701,0.308,2,3,1
REC00163,zone-01,0,3.71,30.1,10.2,0.865,0.02,0,0,0
REC00633,zone-03,17,2.55,21.2,6.1,0.499,0.529,0,1,0
REC00525,zone-02,23,9.21,74.5,144.9,0.9,0.171,2,5,1
REC02021,zone-07,5,4.46,14.9,21.4,0.534,0.414,0,0,0
REC01353,zone-05,14,3.96,9.7,32.6,0.363,0.617,0,0,0
REC00276,zone-01,2,5.69,2.8,49.7,0.781,0.315,1,1,0
REC00852,zone-03,11,4.23,18.8,31.3,0.49,0.348,0,0,0
REC01005,zone-04,21,5.04,23.2,28.6,0.451,0.38,1,0,0
REC00087,zone-01,18,4.13,23.8,8.5,1.0,0.02,0,0,0
REC00167,zone-01,9,3.69,16.4,25.5,0.576,0.367,0,0,0
REC01913,zone-07,21,0.36,174.3,207.7,0.778,0.317,1,2,1
REC01565,zone-06,13,4.77,8.7,24.4,0.322,0.56,0,2,0
REC00321,zone-02,12,5.9,5.2,25.4,0.596,0.19,0,0,0
REC01231,zone-05,9,5.18,19.0,0.8,0.461,0.495,0,0,0
REC01696,zone-06,2,3.75,22.1,25.9,0.459,0.352,0,0,0
REC01451,zone-05,8,5.15,18.0,1.2,0.222,0.719,1,0,0
REC01382,zone-05,1,3.34,32.8,9.2,0.846,0.217,1,0,0
REC01978,zone-07,6,4.78,17.4,20.2,0.03,0.966,0,1,0
REC01560,zone-06,0,3.93,11.5,28.1,0.851,0.163,0,0,0
REC01731,zone-06,2,5.02,23.5,19.2,0.993,0.081,0,0,0
REC01949,zone-07,16,3.56,19.2,0,0.07,0.909,0,1,0
REC00556,zone-02,21,3.15,29.8,13.2,0.825,0.183,0,1,0
REC00408,zone-02,16,10.86,138.7,174.7,0.819,0.205,2,3,1
REC01670,zone-06,1,4.16,12.2,5.4,0.625,0.145,0,0,0
REC01959,zone-07,6,5.07,29.7,8.4,0.104,0.909,0,0,0
REC01317,zone-05,1,3.27,18.2,24.3,0.658,0.309,0,2,0
REC00527,zone-02,12,4.64,19.5,27.4,0.514,0.544,0,0,0
REC00485,zone-02,16,4.41,20.5,0,0.446,0.414,1,0,0
REC00236,zone-01,19,5.07,24.0,35.7,0.841,0.233,0,0,0
REC01173,zone-04,23,5.97,18.7,0,0.602,0.276,0,2,0
REC01608,zone-06,5,4.13,24.5,0,0.958,0.112,0,1,0
REC01031,zone-04,11,4.61,28.3,46.2,0.43,0.504,0,1,0
REC01896,zone-07,0,3.06,15.8,5.1,0.527,0.35,0,0,0
REC01329,zone-05,6,3.19,15.1,43.6,0.557,0.328,0,0,0
REC00471,zone-02,3,0,152.8,109.2,0.63,0.343,1,3,1
REC01498,zone-05,1,6.44,3.1,8.6,0.644,0.358,0,0,0
REC00551,zone-02,22,9.67,134.3,251.0,0.989,0.02,2,3,1
REC01692,zone-06,2,4.95,12.5,11.4,0.727,0.277,1,0,0
REC01827,zone-07,21,0.56,88.2,227.1,0.641,0.247,2,5,1
REC00547,zone-02,6,4.13,19.7,24.2,0.577,0.402,0,1,0
REC01401,zone-05,1,4.13,20.0,35.2,0.692,0.217,0,0,0
REC01877,zone-07,3,5.34,19.6,14.8,0.733,0.284,0,0,0
REC00065,zone-01,1,9.09,186.6,146.4,0.807,0.126,2,5,1
REC00659,zone-03,6,3.76,17.8,23.6,0.312,0.617,0,0,0
REC01574,zone-06,23,1.09,61.9,91.5,0.498,0.307,2,5,1
REC01837,zone-07,20,4.89,18.1,35.4,0.284,0.626,0,0,0
REC00261,zone-01,16,7.01,189.8,90.2,0.992,0.069,3,3,1
REC00987,zone-04,3,10.77,170.1,71.6,0.616,0.325,2,3,1
REC01595,zone-06,13,4.51,18.1,23.2,0.399,0.539,0,0,0
REC00860,zone-03,2,6.22,22.7,30.7,0.573,0.243,0,1,0
REC00994,zone-04,11,4.13,14.2,10.3,0.366,0.524,0,0,0
REC00906,zone-04,23,5.08,15.4,14.9,0.698,0.02,0,1,0
REC00641,zone-03,0,0.75,63.4,253.5,0.818,0.23,1,3,1
REC00015,zone-01,3,3.28,15.9,37.8,0.544,0.257,0,0,0
REC00332,zone-02,21,3.64,29.4,24.4,0.932,0.103,0,1,0
REC00183,zone-01,14,3.82,12.7,18.7,0.862,0.143,0,0,0
REC01200,zone-04,21,5.21,26.3,23.1,0.67,0.196,0,0,0
REC01490,zone-05,3,0,120.4,100.6,0.611,0.319,2,5,1
REC01233,zone-05,19,7.66,9.9,39.3,0.308,0.569,1,0,0
REC01829,zone-07,4,6.27,193.6,196.4,0.758,0.286,1,4,1
REC00217,zone-01,3,2.5,28.0,34.5,0.682,0.063,0,0,0
REC00968,zone-04,5,7.12,11.1,22.1,0.747,0.162,0,1,0
REC00624,zone-03,14,4.63,7.3,33.8,0.701,0.384,0,0,0
REC00158,zone-01,14,5.27,18.4,51.8,0.778,0.182,0,0,0
REC00064,zone-01,7,8.19,23.3,0,0.826,0.078,0,0,0
REC00666,zone-03,21,6.55,20.2,32.6,0.601,0.273,0,0,0
REC01966,zone-07,0,8.66,41.7,171.7,0.875,0.074,1,4,1
REC01588,zone-06,18,11.5,63.4,122.8,0.273,0.675,2,5,1
REC01030,zone-04,15,4.87,12.8,11.7,0.611,0.463,0,1,0
REC01963,zone-07,17,4.34,12.5,20.7,0.108,0.883,0,0,0
REC00258,zone-01,21,4.2,13.4,24.6,1.0,0.049,0,0,0
REC00317,zone-02,0,7.37,69.0,264.7,1.0,0.048,2,4,1
REC00740,zone-03,0,5.62,16.2,7.7,0.529,0.288,0,0,0
REC02073,zone-07,3,3.71,21.5,13.4,0.732,0.149,0,0,0
REC00483,zone-02,15,3.41,16.2,27.2,0.608,0.321,0,0,0
REC00255,zone-01,19,7.28,90.7,242.1,0.961,0.026,2,4,1
REC00642,zone-03,23,4.25,23.2,17.9,0.62,0.433,1,1,0
REC02017,zone-07,6,3.53,9.1,23.3,0.132,0.852,0,0,0
REC01798,zone-06,23,4.68,17.4,14.8,0.628,0.244,0,0,0
REC01388,zone-05,23,0.39,123.7,176.2,0.679,0.182,3,3,1
REC00541,zone-02,11,4.67,17.3,0,0.706,0.369,1,0,0
REC00109,zone-01,15,4.82,8.1,0,0.942,0.02,0,2,0
REC01554,zone-06,18,4.41,4.9,17.9,0.36,0.682,1,0,0
REC01709,zone-06,1,0.97,61.1,144.8,0.511,0.319,1,2,1
REC01854,zone-07,22,5.72,23.0,23.5,0.504,0.397,0,0,0
REC01433,zone-05,3,4.54,27.2,2.3,0.664,0.323,0,0,0
REC01980,zone-07,0,2.93,22.2,32.3,0.512,0.33,0,0,0
REC00038,zone-01,5,7.54,102.3,226.3,0.989,0.02,2,4,1
REC00412,zone-02,1,3.97,23.5,29.1,0.738,0.196,0,0,0
REC01072,zone-04,5,5.44,2.6,39.9,0.529,0.358,0,0,0
REC01521,zone-06,2,0,57.9,116.0,0.873,0.23,2,2,1
REC00440,zone-02,19,3.09,18.0,26.3,0.595,0.424,0,0,0
REC00628,zone-03,0,4.58,30.4,17.0,0.624,0.389,0,0,0
REC00568,zone-02,1,3.0,12.6,4.6,0.626,0.241,0,1,0
REC00429,zone-02,23,4.72,17.2,12.7,0.665,0.077,0,1,0
REC00235,zone-01,1,0,106.1,97.0,0.64,0.129,1,3,1
REC00581,zone-02,3,2.97,17.8,8.0,0.678,0.189,0,0,0
REC01572,zone-06,2,3.47,32.6,2.7,0.848,0.257,0,1,0
REC01345,zone-05,2,0,78.9,163.6,0.861,0.229,1,3,1
REC00035,zone-01,17,3.63,14.8,19.9,0.596,0.286,0,0,0
REC00443,zone-02,0,3.08,7.9,20.7,0.595,0.454,0,0,0
REC00220,zone-01,2,3.27,20.1,29.0,0.87,0.02,0,0,0
REC01807,zone-07,23,0,184.9,154.8,0.673,0.387,3,2,1
REC01713,zone-06,3,1.62,22.6,8.2,0.452,0.43,0,1,0
REC01165,zone-04,0,5.86,7.8,29.6,0.577,0.251,0,0,0
REC01412,zone-05,14,5.65,22.0,9.4,0.468,0.563,1,1,0
REC01499,zone-05,2,6.72,64.1,231.9,0.897,0.202,1,3,1
REC00263,zone-01,5,9.45,164.5,183.8,1.0,0.02,2,3,1
REC01176,zone-04,15,4.28,21.5,13.4,0.394,0.548,0,0,0
REC01331,zone-05,17,4.73,14.6,0.6,0.491,0.573,0,0,0
REC00274,zone-01,2,5.67,4.3,35.9,0.841,0.02,0,0,0
REC00794,zone-03,23,3.33,1.5,21.8,0.656,0.21,0,0,0
REC02089,zone-07,5,4.96,3.6,2.9,0.783,0.218,0,0,0
REC00822,zone-03,4,1.99,69.9,226.4,0.978,0.072,1,3,1
REC01548,zone-06,23,0,191.4,260.5,0.624,0.158,3,2,1
REC00125,zone-01,4,0,154.4,167.7,0.649,0.149,1,2,1
REC00638,zone-03,19,0,116.4,221.1,0.465,0.497,1,4,1
REC01679,zone-06,5,0.31,146.6,103.8,0.649,0.272,1,5,1
REC00826,zone-03,21,3.69,16.4,28.3,0.872,0.02,0,0,0
REC02009,zone-07,1,3.5,5.6,11.1,0.725,0.187,0,0,0
REC01142,zone-04,7,7.0,12.0,22.0,0.319,0.642,0,0,0
REC00829,zone-03,2,0,58.0,209.9,0.893,0.02,2,2,1
REC00362,zone-02,22,4.14,5.7,0,0.727,0.02,0,0,0
REC02061,zone-07,19,4.93,4.7,16.3,0.051,0.951,0,0,0
REC01321,zone-05,22,3.88,12.7,24.1,0.685,0.368,0,0,0
REC01788,zone-06,20,2.55,18.7,24.7,0.528,0.541,0,2,0
REC00786,zone-03,3,0.05,182.1,239.3,0.536,0.424,1,3,1
REC01191,zone-04,4,3.16,85.9,179.9,0.666,0.28,1,2,1
REC00797,zone-03,6,5.96,10.3,31.7,0.409,0.491,0,0,0
REC00947,zone-04,4,0.88,147.3,107.9,0.627,0.14,1,2,1
REC01675,zone-06,9,4.24,21.8,19.6,0.341,0.584,0,0,0
REC01373,zone-05,11,2.6,10.8,15.0,0.461,0.512,0,0,0
REC00388,zone-02,7,5.4,20.6,16.2,0.674,0.292,0,0,0
REC00963,zone-04,14,9.89,52.9,183.7,0.495,0.431,2,3,1
REC01350,zone-05,23,5.19,13.9,29.2,0.98,0.073,0,1,0
REC01096,zone-04,5,8.91,104.5,201.9,0.551,0.296,3,3,1
REC00935,zone-04,5,5.61,16.2,35.9,0.534,0.265,0,1,0
REC01771,zone-06,7,8.15,157.3,223.5,0.585,0.395,2,4,1
REC00564,zone-02,23,1.12,125.7,157.0,0.708,0.187,1,4,1
REC01503,zone-06,13,6.05,14.8,19.9,0.365,0.557,1,2,0
REC02100,zone-07,21,0,117.0,110.1,0.29,0.591,2,4,1
REC01778,zone-06,0,3.52,14.2,29.7,0.651,0.144,0,1,0
REC01419,zone-05,7,2.79,26.3,16.6,0.396,0.513,0,0,0
REC01473,zone-05,5,12.59,132.9,153.6,0.696,0.125,1,2,1
REC00023,zone-01,23,0,114.8,118.7,0.737,0.227,3,4,1
REC00612,zone-03,9,8.09,70.4,237.1,0.299,0.639,2,3,1
REC01833,zone-07,1,3.7,16.3,0,0.828,0.259,0,0,0
REC00820,zone-03,14,3.93,10.3,41.0,0.479,0.521,0,0,0
REC01441,zone-05,19,4.99,18.6,0,0.601,0.449,0,0,0
REC00989,zone-04,9,0.81,123.7,258.7,0.654,0.365,1,3,1
REC00373,zone-02,2,7.96,177.6,160.5,0.751,0.326,2,2,1
REC00486,zone-02,15,4.83,10.7,25.7,0.824,0.229,0,0,0
REC00267,zone-01,12,7.53,8.1,20.5,0.784,0.285,0,0,0
REC01481,zone-05,2,4.82,9.4,22.1,0.53,0.347,0,0,0
REC01064,zone-04,3,8.47,68.2,240.6,0.783,0.147,1,2,1
REC00567,zone-02,13,5.99,35.0,32.9,0.491,0.569,0,0,0
REC02046,zone-07,0,0,106.9,101.0,0.593,0.352,3,3,1
REC01765,zone-06,20,4.41,11.9,37.2,0.393,0.601,0,0,0
REC01164,zone-04,16,5.09,11.1,11.7,0.326,0.565,0,1,0
REC01922,zone-07,3,8.62,134.8,175.7,0.424,0.474,1,3,1
REC00270,zone-01,7,3.52,12.3,5.1,0.791,0.061,1,0,0
REC01246,zone-05,6,3.85,15.3,16.6,0.654,0.377,0,0,0
REC01853,zone-07,2,1.56,155.8,154.7,0.936,0.132,2,5,1
REC00020,zone-01,2,7.27,2.2,14.8,0.941,0.02,0,0,0
REC01604,zone-06,8,6.37,10.9,18.5,0.453,0.39,0,0,0
REC01465,zone-05,2,0,160.1,117.6,0.598,0.344,1,5,1
REC02080,zone-07,23,4.68,12.7,21.0,0.328,0.554,0,0,0
REC00046,zone-01,20,3.77,24.9,21.8,0.593,0.195,1,0,0
REC01954,zone-07,2,2.07,17.1,0,0.629,0.364,0,0,0
REC00866,zone-03,22,3.85,19.5,34.0,0.531,0.247,0,0,0
REC00103,zone-01,1,4.88,3.2,21.5,0.985,0.02,0,0,0
REC00460,zone-02,21,0,88.5,94.8,0.846,0.134,1,3,1
REC01750,zone-06,13,4.34,13.8,13.1,0.6,0.464,0,0,0
REC01335,zone-05,2,8.8,151.3,183.8,0.583,0.296,2,2,1
REC00788,zone-03,23,3.16,23.9,20.5,0.434,0.402,0,0,0
REC00307,zone-02,11,5.18,24.3,19.7,0.621,0.183,0,0,0
REC00685,zone-03,10,3.99,19.3,6.1,0.393,0.513,0,0,0
REC01651,zone-06,23,5.58,15.8,6.7,0.638,0.271,0,0,0
REC01638,zone-06,9,3.01,15.7,5.2,0.451,0.596,0,0,0
REC00759,zone-03,3,2.02,23.0,4.8,0.844,0.196,0,1,0
REC00760,zone-03,2,4.65,7.7,21.8,0.588,0.339,0,0,0
REC00216,zone-01,2,3.6,11.0,14.8,0.699,0.02,0,0,0
REC00461,zone-02,20,5.15,0,7.2,0.499,0.432,0,0,0
REC01298,zone-05,8,4.1,1.0,26.9,0.267,0.755,0,1,0
REC01690,zone-06,4,4.85,17.2,24.6,0.493,0.385,1,0,0
REC00102,zone-01,4,11.66,126.5,159.3,0.949,0.02,1,4,1
REC01689,zone-06,6,3.75,28.3,3.7,0.306,0.694,0,0,0
REC01058,zone-04,13,4.37,20.9,0.8,0.479,0.538,1,1,0
REC01804,zone-07,5,2.95,21.0,30.7,0.702,0.343,1,1,0
REC01573,zone-06,4,8.22,131.8,207.0,0.638,0.429,1,2,1
REC00030,zone-01,1,0,114.4,120.8,0.62,0.225,1,4,1
REC00526,zone-02,14,9.83,169.0,235.6,0.391,0.443,2,2,1
REC00104,zone-01,0,9.58,87.0,196.9,0.736,0.034,2,3,1
REC02049,zone-07,14,5.38,6.9,0.1,0.141,0.861,0,0,0
REC01746,zone-06,22,3.2,19.6,33.3,0.62,0.278,0,0,0
REC01400,zone-05,23,1.17,66.7,218.6,0.619,0.159,1,4,1
REC01840,zone-07,0,1.37,65.0,288.0,0.671,0.385,2,4,1
REC00750,zone-03,23,1.53,202.9,81.7,0.713,0.354,3,3,1
REC00074,zone-01,15,6.16,15.5,25.2,0.691,0.167,1,1,0
REC00422,zone-02,4,3.89,21.3,25.0,0.782,0.02,0,0,0
REC01041,zone-04,17,3.06,5.1,19.8,0.509,0.484,0,0,0
REC00665,zone-03,15,3.95,20.6,15.5,0.358,0.508,0,0,0
REC01872,zone-07,5,5.73,9.6,11.7,0.61,0.378,0,0,0
REC00393,zone-02,3,4.8,12.4,20.7,1.0,0.097,0,0,0
REC01389,zone-05,15,2.43,20.5,4.9,0.362,0.636,0,1,0
REC00975,zone-04,11,5.24,25.8,7.7,0.537,0.526,0,0,0
REC01055,zone-04,21,2.18,155.7,230.3,0.725,0.333,3,3,1
REC02091,zone-07,23,5.22,13.5,40.3,0.794,0.266,0,0,0
REC00743,zone-03,13,4.46,25.9,20.7,0.37,0.604,1,1,0
REC01495,zone-05,4,5.91,20.5,12.3,0.586,0.351,0,2,0
REC01014,zone-04,12,2.51,21.0,26.9,0.499,0.409,1,0,0
REC01544,zone-06,19,5.46,17.9,31.0,0.364,0.659,0,0,0
REC01504,zone-06,3,10.1,72.8,87.5,0.746,0.07,3,2,1
REC00521,zone-02,9,6.06,9.1,14.1,0.471,0.54,0,0,0
REC00572,zone-02,17,4.55,21.4,8.4,0.635,0.257,1,0,0
REC01783,zone-06,1,4.74,6.6,16.3,0.57,0.192,0,0,0
REC00026,zone-01,0,0.59,176.4,201.7,1.0,0.028,1,2,1
REC01252,zone-05,22,8.94,188.0,160.5,0.878,0.168,1,2,1
REC01100,zone-04,4,3.83,18.3,19.5,0.635,0.292,1,0,0
REC01446,zone-05,19,0.73,74.1,163.2,0.333,0.709,3,4,1
REC01330,zone-05,9,4.34,14.9,26.3,0.259,0.671,0,0,0
REC00647,zone-03,5,4.97,11.1,38.7,0.464,0.386,0,2,0
REC01590,zone-06,15,4.6,32.4,15.9,0.166,0.805,0,1,0
REC00041,zone-01,15,4.94,14.0,30.4,0.71,0.143,0,0,0
REC01643,zone-06,1,0.15,77.2,207.2,0.647,0.232,1,4,1
REC01108,zone-04,3,5.27,11.4,15.6,0.925,0.02,1,1,0
REC01264,zone-05,7,5.04,12.9,46.2,0.483,0.436,0,0,0
REC01538,zone-06,2,3.4,21.9,19.6,0.466,0.359,0,0,0
REC02094,zone-07,22,0,105.5,102.2,0.915,0.117,2,5,1
REC01611,zone-06,3,2.91,13.7,0,0.824,0.26,0,0,0
REC00342,zone-02,20,0,81.2,216.3,0.728,0.208,1,4,1
REC00403,zone-02,19,5.41,0,39.6,0.398,0.498,1,0,0
REC01086,zone-04,7,3.74,24.9,28.7,0.45,0.609,0,0,0
REC00739,zone-03,4,9.52,89.7,131.4,0.53,0.392,2,4,1
REC01470,zone-05,2,4.62,19.5,19.2,0.787,0.212,0,0,0
REC00762,zone-03,2,6.29,27.9,21.1,0.763,0.26,0,0,0
REC00966,zone-04,2,4.18,19.6,25.4,0.675,0.306,0,0,0
REC00418,zone-02,6,2.97,15.6,35.0,0.676,0.2,0,0,0
REC00143,zone-01,1,3.9,17.5,35.2,0.61,0.255,0,0,0
REC00507,zone-02,11,4.56,4.7,21.7,0.376,0.648,1,0,0
REC00543,zone-02,21,0,179.7,173.6,0.764,0.104,1,2,1
REC00770,zone-03,21,4.9,20.4,33.1,0.583,0.265,1,0,0
REC01925,zone-07,21,5.31,0,24.2,0.366,0.512,0,0,0
REC00160,zone-01,23,2.01,13.3,29.6,0.867,0.184,0,0,0
REC00751,zone-03,5,6.22,26.4,14.6,0.816,0.184,0,2,0
REC00546,zone-02,22,5.43,29.4,19.0,0.625,0.305,0,1,0
REC00397,zone-02,5,11.25,128.0,61.7,0.606,0.134,2,2,1
REC01396,zone-05,12,7.44,133.8,176.9,0.507,0.523,1,4,1
REC00843,zone-03,8,4.06,16.6,25.2,0.499,0.334,1,0,0
REC01323,zone-05,21,4.06,12.0,34.6,0.94,0.07,0,1,0
REC00709,zone-03,8,4.62,21.7,13.6,0.391,0.538,1,0,0
REC01370,zone-05,0,5.02,11.9,6.3,0.623,0.229,0,0,0
REC00823,zone-03,9,4.25,27.4,42.0,0.286,0.71,1,0,0
REC00681,zone-03,6,3.74,17.6,3.7,0.589,0.459,0,0,0
REC00938,zone-04,21,2.14,166.1,206.4,0.758,0.124,2,2,1
REC00291,zone-01,13,6.49,16.9,21.1,0.582,0.263,0,0,0
REC01091,zone-04,2,4.72,18.9,19.6,0.389,0.475,0,2,0
REC01035,zone-04,0,8.07,125.6,199.3,0.684,0.166,2,3,1
REC00092,zone-01,21,0.81,119.8,238.1,0.573,0.246,2,4,1
REC01767,zone-06,14,2.73,10.0,21.4,0.636,0.427,0,0,0
REC00367,zone-02,12,2.3,17.9,34.6,0.821,0.066,0,0,0
REC01051,zone-04,22,3.64,27.3,34.1,0.916,0.131,0,0,0
REC00513,zone-02,3,4.35,27.3,7.5,0.859,0.128,0,0,0
REC00520,zone-02,23,7.26,169.7,260.3,0.935,0.066,1,4,1
REC01119,zone-04,1,10.99,160.9,254.2,0.908,0.081,1,2,1
REC01916,zone-07,10,4.46,9.8,34.2,0.238,0.743,0,0,0
REC01061,zone-04,19,3.31,13.2,27.7,0.169,0.777,0,1,0
REC00970,zone-04,21,3.72,19.0,29.0,0.574,0.217,0,1,0
REC00814,zone-03,20,4.54,16.0,21.3,0.345,0.605,0,2,0
REC00345,zone-02,6,0,62.1,260.2,0.645,0.234,1,4,1
REC01712,zone-06,12,4.25,13.4,13.2,0.424,0.518,0,0,0
REC00918,zone-04,19,3.64,12.4,31.4,0.446,0.572,1,0,0
REC00959,zone-04,19,4.71,6.1,0,0.383,0.572,0,1,0
REC00839,zone-03,13,4.84,0,28.6,0.487,0.522,1,1,0
REC01952,zone-07,20,3.05,22.7,19.1,0.014,0.98,0,1,0
REC02024,zone-07,23,4.68,17.3,11.2,0.677,0.309,1,0,0
REC01894,zone-07,0,0,149.7,152.5,0.477,0.383,3,3,1
REC00661,zone-03,4,5.01,16.9,14.6,0.757,0.129,0,1,0
REC00032,zone-01,23,4.85,16.9,7.5,0.67,0.217,1,0,0
REC01421,zone-05,0,4.1,15.9,35.0,0.904,0.19,0,0,0
REC01033,zone-04,22,3.5,17.2,28.7,0.537,0.286,0,0,0
REC00747,zone-03,8,9.74,101.8,166.3,0.59,0.484,2,4,1
REC01781,zone-06,6,5.47,22.8,2.1,0.462,0.597,0,0,0
REC00071,zone-01,4,4.91,29.1,18.5,0.854,0.02,0,0,0
REC00732,zone-03,6,5.7,5.1,16.5,0.187,0.776,0,0,0
REC01824,zone-07,23,5.18,15.7,23.9,0.483,0.413,0,1,0
REC02001,zone-07,23,4.57,20.6,0,0.702,0.347,0,0,0
REC01391,zone-05,2,4.13,22.9,9.9,0.913,0.128,0,1,0
REC01619,zone-06,21,2.73,17.0,12.9,0.91,0.02,0,0,0
REC00118,zone-01,4,3.23,14.3,5.4,0.854,0.094,0,1,0
REC02099,zone-07,3,4.78,17.2,0,0.639,0.368,1,0,0
REC01801,zone-07,21,7.86,13.2,1.9,0.358,0.547,0,1,0
REC00922,zone-04,20,4.69,26.7,35.3,0.476,0.512,0,1,0
REC00990,zone-04,2,7.63,133.4,147.1,0.762,0.265,2,2,1
REC00432,zone-02,3,4.77,13.8,33.3,0.796,0.215,1,0,0
REC01882,zone-07,16,0.69,110.7,216.8,0.33,0.614,1,3,1
REC01387,zone-05,16,4.13,6.6,33.4,0.37,0.504,0,1,0
REC00292,zone-01,5,4.75,12.5,11.9,1.0,0.02,0,0,0
REC01662,zone-06,1,3.59,24.6,13.0,0.569,0.352,0,0,0
REC02000,zone-07,18,5.28,7.0,24.5,0.074,0.933,0,0,0
REC00601,zone-03,1,6.85,112.7,109.9,0.897,0.195,3,4,1
REC00014,zone-01,18,0,75.2,140.2,0.88,0.122,1,4,1
REC01672,zone-06,23,7.53,115.7,199.4,0.635,0.218,2,4,1
REC00265,zone-01,22,5.77,23.1,2.4,0.449,0.438,0,1,0
REC02036,zone-07,15,5.7,12.5,34.0,0.189,0.825,0,2,0
REC00632,zone-03,4,3.23,19.5,27.3,0.961,0.035,0,2,0
REC00091,zone-01,21,6.39,9.7,14.5,0.968,0.082,1,2,0
REC01120,zone-04,13,3.57,15.4,5.1,0.279,0.707,0,0,0
REC02003,zone-07,19,6.91,119.6,78.1,0.141,0.84,2,2,1
REC02022,zone-07,21,0,178.5,131.0,0.478,0.425,2,3,1
REC01867,zone-07,2,9.14,111.6,131.9,0.691,0.379,2,3,1
REC01900,zone-07,3,7.51,205.2,218.1,0.536,0.394,1,2,1
REC01509,zone-06,14,3.89,0,13.3,0.421,0.415,0,0,0
REC00389,zone-02,23,5.87,21.4,38.6,0.804,0.19,0,0,0
REC01195,zone-04,23,3.09,12.1,4.1,0.831,0.251,0,0,0
REC00831,zone-03,2,0,124.5,145.4,0.725,0.364,2,4,1
REC00166,zone-01,22,4.4,32.8,41.4,0.887,0.072,0,2,0
REC00717,zone-03,2,2.59,18.7,20.6,0.529,0.319,0,0,0
REC00376,zone-02,22,3.54,4.6,34.2,0.629,0.229,0,1,0
REC00018,zone-01,21,8.31,83.6,155.7,0.9,0.094,1,3,1
REC01725,zone-06,2,3.68,9.9,24.7,0.744,0.11,0,0,0
REC01734,zone-06,0,0.84,150.2,94.0,1.0,0.043,1,3,1
REC01032,zone-04,23,5.7,13.5,21.2,0.558,0.462,1,0,0
REC01964,zone-07,0,6.65,14.7,22.3,0.569,0.244,0,0,0
REC01606,zone-06,2,3.15,16.4,10.8,0.589,0.219,0,1,0
REC00886,zone-03,6,1.64,190.2,110.8,0.339,0.664,1,4,1
REC00387,zone-02,1,0,59.7,247.3,0.684,0.273,2,4,1
REC01365,zone-05,22,5.22,19.4,36.0,0.798,0.22,0,0,0
REC01663,zone-06,21,5.69,27.0,3.3,0.642,0.199,0,0,0
REC02052,zone-07,16,4.15,6.8,6.6,0.093,0.89,0,0,0
REC01083,zone-04,22,8.2,99.7,156.1,0.813,0.278,3,2,1
REC01614,zone-06,5,5.88,24.7,7.5,0.799,0.248,1,0,0
REC00409,zone-02,4,4.94,18.0,14.5,0.95,0.02,0,0,0
REC01557,zone-06,1,3.41,14.5,27.1,0.616,0.192,0,0,0
REC01263,zone-05,12,4.18,25.3,22.1,0.487,0.523,0,0,0
REC00625,zone-03,1,4.55,30.6,15.6,0.511,0.278,0,0,0
REC00885,zone-03,16,4.08,21.8,14.1,0.316,0.583,0,0,0
REC00386,zone-02,21,3.76,19.1,1.3,0.772,0.02,0,0,0
REC01068,zone-04,3,11.05,105.4,166.7,0.864,0.197,2,3,1
REC01017,zone-04,0,4.15,18.4,17.5,0.786,0.299,0,0,0
REC01042,zone-04,4,4.21,14.5,20.6,0.785,0.282,0,1,0
REC01399,zone-05,20,8.39,191.3,136.0,0.435,0.606,3,2,1
REC00668,zone-03,15,4.28,11.3,11.0,0.216,0.737,0,2,0
REC00438,zone-02,3,0.75,138.5,102.2,0.809,0.237,1,3,1
REC01961,zone-07,5,4.45,8.0,16.0,0.67,0.372,0,0,0
REC00984,zone-04,1,4.21,23.3,11.9,0.577,0.371,0,0,0
REC01562,zone-06,18,3.7,8.0,25.8,0.356,0.532,1,2,0
REC01550,zone-06,5,4.23,18.0,34.6,0.758,0.147,0,1,0
REC01447,zone-05,2,4.78,15.5,18.8,0.54,0.294,0,0,0
REC00358,zone-02,2,10.26,125.3,181.5,0.562,0.293,1,2,1
REC00923,zone-04,21,8.93,71.6,246.0,0.696,0.314,2,3,1
REC01755,zone-06,22,3.15,14.4,30.7,0.866,0.221,0,0,0
REC00501,zone-02,1,7.98,177.4,184.0,0.994,0.048,3,2,1
REC00298,zone-01,23,5.64,27.2,24.1,0.828,0.053,0,0,0
REC00303,zone-02,23,4.85,18.5,40.0,0.791,0.124,0,0,0
REC00199,zone-01,10,4.44,18.9,10.7,0.727,0.189,0,2,0
REC01319,zone-05,0,7.2,14.6,31.7,0.667,0.124,0,0,0
REC01137,zone-04,22,3.66,10.5,0,0.999,0.093,0,0,0
REC00145,zone-01,19,2.2,7.9,31.2,0.486,0.359,0,0,0
REC00914,zone-04,4,2.08,11.1,9.6,0.857,0.07,0,0,0
REC01733,zone-06,6,4.14,20.9,15.0,0.324,0.597,1,0,0
REC01742,zone-06,0,1.41,174.2,231.7,0.72,0.201,3,2,1
REC01637,zone-06,21,3.25,5.4,14.5,0.785,0.288,1,1,0
REC01710,zone-06,4,4.31,13.9,23.3,0.636,0.145,0,0,0
REC01253,zone-05,1,5.25,12.7,22.8,0.661,0.303,0,0,0
REC01537,zone-06,10,2.6,18.4,5.3,0.598,0.42,0,0,0
REC01423,zone-05,8,3.68,21.5,7.7,0.526,0.443,0,0,0
REC01502,zone-06,14,2.02,100.9,151.6,0.424,0.482,1,5,1
REC00781,zone-03,23,0,96.9,152.0,0.607,0.263,1,2,1
REC00400,zone-02,15,8.96,118.9,82.0,0.528,0.327,1,2,1
REC00517,zone-02,4,0,63.4,119.0,0.854,0.066,2,5,1
REC01866,zone-07,0,0,156.5,259.9,0.592,0.461,1,2,1
REC01024,zone-04,6,5.56,34.7,26.6,0.509,0.524,0,0,0
REC00327,zone-02,20,4.99,21.2,30.6,0.923,0.183,0,0,0
REC01008,zone-04,21,4.16,21.6,29.1,0.65,0.317,0,0,0
REC01976,zone-07,18,3.35,19.3,19.0,0.338,0.609,0,1,0
REC01426,zone-05,23,5.54,13.2,18.7,0.91,0.098,0,0,0
REC00124,zone-01,21,8.57,166.3,210.5,0.65,0.267,2,2,1
REC00119,zone-01,14,5.07,2.8,1.7,0.817,0.193,0,0,0
REC00467,zone-02,2,3.68,15.7,13.4,0.643,0.313,1,1,0
REC00481,zone-02,22,6.36,31.4,6.2,0.931,0.074,0,1,0
REC01987,zone-07,5,0.48,186.2,152.9,0.472,0.454,1,3,1
REC00807,zone-03,3,0.28,86.9,253.0,0.674,0.283,2,2,1
REC00957,zone-04,13,5.15,13.7,24.6,0.323,0.61,0,2,0
REC01392,zone-05,22,5.82,17.3,40.6,0.64,0.398,0,0,0
REC00230,zone-01,6,2.81,6.1,23.9,0.931,0.15,0,1,0
REC01632,zone-06,0,3.36,9.0,20.9,0.862,0.124,0,0,0
REC01693,zone-06,22,4.44,22.3,50.9,0.735,0.22,0,0,0
REC00944,zone-04,20,7.29,20.9,19.6,0.427,0.531,1,0,0
REC00695,zone-03,15,5.06,7.0,13.0,0.429,0.538,0,1,0
REC00484,zone-02,5,4.95,15.9,21.3,1.0,0.054,0,0,0
REC01974,zone-07,4,4.71,22.9,6.3,0.891,0.156,0,0,0
REC01636,zone-06,20,2.56,16.3,20.5,0.293,0.629,0,0,0
REC01697,zone-06,0,5.8,11.7,16.7,0.702,0.089,0,1,0
REC01273,zone-05,6,4.06,8.4,33.0,0.847,0.247,0,1,0
REC01478,zone-05,1,3.86,12.8,19.7,1.0,0.027,0,1,0
REC02045,zone-07,14,3.44,6.0,15.6,0.157,0.822,0,0,0
REC01671,zone-06,3,5.63,20.2,22.4,0.5,0.472,1,0,0
REC01718,zone-06,23,4.19,15.1,24.7,1.0,0.02,0,0,0
REC00802,zone-03,15,5.68,10.5,18.5,0.514,0.507,0,0,0
REC01001,zone-04,0,4.98,13.7,25.0,0.644,0.083,0,0,0
REC00308,zone-02,21,4.59,15.4,22.5,0.886,0.225,0,0,0
REC01600,zone-06,3,1.22,189.8,275.4,0.664,0.184,2,4,1
REC00982,zone-04,21,5.1,14.8,17.6,0.665,0.346,0,0,0
REC00129,zone-01,1,7.88,135.3,148.4,0.702,0.02,2,2,1
REC01617,zone-06,21,1.75,101.4,149.3,0.957,0.066,2,5,1
REC01820,zone-07,21,3.89,23.0,20.3,0.631,0.302,0,1,0
REC00871,zone-03,7,4.0,21.1,27.4,0.446,0.471,0,0,0
REC01170,zone-04,8,4.32,26.7,17.4,0.295,0.733,0,0,0
REC00875,zone-03,14,3.04,21.5,12.2,0.2,0.727,0,0,0
REC00072,zone-01,1,1.52,166.5,125.8,0.622,0.165,2,3,1
REC00325,zone-02,0,5.02,14.3,14.4,0.845,0.174,0,0,0
REC00767,zone-03,9,3.57,17.4,22.5,0.506,0.471,1,1,0
REC01673,zone-06,21,5.74,28.9,24.3,1.0,0.043,1,0,0
REC00663,zone-03,3,7.99,170.8,167.0,0.803,0.292,2,2,1
REC00574,zone-02,17,3.09,0,23.6,0.716,0.252,0,0,0
REC01745,zone-06,1,6.46,10.9,15.5,0.665,0.288,1,0,0
REC02058,zone-07,0,8.86,155.7,124.3,0.546,0.353,3,4,1
REC01676,zone-06,20,2.2,19.4,4.9,0.234,0.698,0,0,0
REC01304,zone-05,22,0,149.4,200.5,0.526,0.46,1,2,1
REC00184,zone-01,11,3.44,19.0,33.6,0.744,0.109,0,0,0
REC00819,zone-03,5,4.13,29.9,7.7,0.92,0.175,0,0,0
REC00162,zone-01,3,3.31,22.8,24.0,0.967,0.02,0,0,0
REC00808,zone-03,5,3.85,12.2,5.4,0.642,0.129,0,0,0
REC00350,zone-02,13,4.08,14.3,20.5,0.636,0.245,0,0,0
REC00851,zone-03,3,0.25,153.2,163.4,0.764,0.24,2,3,1
REC00992,zone-04,19,0.43,81.8,210.4,0.385,0.589,2,3,1
REC00007,zone-01,0,6.59,199.2,177.9,0.744,0.155,1,2,1
REC00208,zone-01,12,4.14,8.9,23.8,0.736,0.278,0,1,0
REC00999,zone-04,9,2.88,8.2,24.4,0.386,0.594,0,0,0
REC01241,zone-05,0,0,161.8,102.1,0.438,0.417,2,3,1
REC01888,zone-07,0,3.25,7.2,20.5,0.461,0.359,0,2,0
REC01990,zone-07,11,3.99,29.3,11.0,0.291,0.743,0,0,0
REC00562,zone-02,3,4.29,20.6,20.7,0.874,0.09,0,0,0
REC00439,zone-02,19,6.43,21.9,21.9,0.427,0.442,1,2,0
REC01424,zone-05,21,5.46,17.2,19.9,0.537,0.319,0,0,0
REC00978,zone-04,4,0,106.8,193.0,0.89,0.164,1,2,1
REC01631,zone-06,2,4.62,7.9,35.5,0.626,0.28,0,0,0
REC01103,zone-04,19,3.8,15.7,23.6,0.658,0.261,1,0,0
REC01281,zone-05,17,3.96,19.6,19.9,0.595,0.359,0,0,0
REC01512,zone-06,1,5.61,22.8,2.7,0.526,0.327,1,0,0
REC01069,zone-04,23,6.08,15.2,17.6,1.0,0.088,0,0,0
REC00811,zone-03,12,3.79,2.3,9.3,0.341,0.585,0,0,0
REC01437,zone-05,1,8.37,134.3,249.2,0.413,0.423,2,2,1
REC01338,zone-05,21,4.28,19.5,14.1,0.746,0.219,0,1,0
REC00718,zone-03,1,0,165.1,208.3,0.588,0.235,2,5,1
REC01261,zone-05,17,5.37,24.4,21.9,0.577,0.324,0,0,0
REC00097,zone-01,17,4.95,28.8,29.3,1.0,0.101,0,0,0
REC02014,zone-07,23,6.46,19.2,30.3,0.816,0.27,0,0,0
REC00676,zone-03,17,4.72,19.3,14.3,0.584,0.439,0,0,0
REC01019,zone-04,2,2.84,27.0,31.5,0.645,0.11,0,0,0
REC01724,zone-06,8,3.31,8.9,0,0.481,0.495,0,0,0
REC01855,zone-07,5,5.71,17.8,13.0,0.455,0.377,0,1,0
REC00290,zone-01,14,2.4,146.7,164.3,0.822,0.26,2,3,1
REC00168,zone-01,2,2.56,15.2,12.6,0.915,0.042,1,1,0
REC01774,zone-06,21,0,167.2,226.1,0.562,0.287,2,4,1
REC00608,zone-03,23,3.65,10.2,22.9,0.967,0.02,0,0,0
REC00672,zone-03,22,9.1,149.4,213.2,0.794,0.187,1,5,1
REC01607,zone-06,0,4.93,16.7,12.3,0.797,0.166,0,0,0
REC00254,zone-01,23,5.2,16.8,43.0,0.633,0.121,0,1,0
REC00246,zone-01,19,5.68,25.2,45.4,0.723,0.288,0,1,0
REC00374,zone-02,2,4.44,12.9,25.1,0.908,0.02,0,0,0
REC01899,zone-07,1,9.01,169.8,206.9,0.712,0.303,3,4,1
REC00916,zone-04,0,2.94,13.9,10.5,0.476,0.477,1,0,0
REC01642,zone-06,20,4.76,9.1,8.2,0.484,0.337,0,0,0
REC01793,zone-06,1,4.94,36.0,24.8,1.0,0.02,0,2,0
REC01243,zone-05,0,8.15,160.6,108.2,0.936,0.02,1,3,1
REC01454,zone-05,11,6.86,24.2,33.4,0.468,0.429,0,1,0
REC01129,zone-04,19,4.6,20.5,19.3,0.716,0.363,0,0,0
REC01483,zone-05,2,0.57,187.4,238.4,0.795,0.076,2,4,1
REC00867,zone-03,23,0.34,168.7,137.7,0.894,0.055,1,5,1
REC01719,zone-06,1,3.67,6.2,11.3,0.531,0.381,0,0,0
REC01787,zone-06,2,1.76,46.4,228.5,0.76,0.287,1,5,1
REC01026,zone-04,0,5.32,21.1,0,0.719,0.044,0,1,0
REC01374,zone-05,3,5.05,26.6,4.1,0.696,0.132,0,2,0
REC00366,zone-02,5,6.41,21.6,27.8,0.707,0.2,0,0,0
REC01202,zone-05,4,0,99.1,225.7,0.909,0.154,1,3,1
REC00195,zone-01,3,2.55,23.5,4.2,0.974,0.02,0,0,0
REC01947,zone-07,20,2.88,23.9,5.9,0.173,0.84,0,0,0
REC02002,zone-07,7,3.14,6.0,20.6,0.33,0.703,0,2,0
REC00550,zone-02,12,4.56,13.4,49.9,0.475,0.323,0,0,0
REC00341,zone-02,0,3.79,19.7,26.0,0.816,0.229,0,0,0
REC01519,zone-06,10,0,103.4,125.9,0.443,0.452,1,4,1
REC00329,zone-02,4,8.83,191.5,209.4,0.497,0.45,1,4,1
REC01630,zone-06,3,3.63,16.6,31.8,1.0,0.03,0,0,0
REC01507,zone-06,21,9.37,176.0,222.4,0.784,0.292,1,4,1
REC00488,zone-02,13,4.39,0,16.1,0.619,0.398,0,0,0
REC02097,zone-07,13,6.0,3.8,15.0,0.15,0.864,0,0,0
REC00424,zone-02,4,3.7,25.0,34.1,0.858,0.233,0,1,0
REC01418,zone-05,23,6.26,20.9,0,0.641,0.408,0,0,0
REC01285,zone-05,23,2.28,0,10.9,0.492,0.397,0,0,0
REC01482,zone-05,5,4.33,16.6,12.9,0.731,0.125,0,0,0
REC00207,zone-01,3,5.92,22.8,30.1,0.859,0.02,0,0,0
REC02037,zone-07,0,5.71,32.4,14.5,0.676,0.151,0,0,0
REC00730,zone-03,14,5.86,19.8,42.8,0.57,0.498,0,2,0
REC02098,zone-07,23,5.05,8.1,4.7,0.585,0.444,0,0,0
REC01251,zone-05,4,3.54,8.8,39.4,0.778,0.176,0,0,0
REC00365,zone-02,1,3.7,28.2,20.7,0.8,0.02,0,0,0
REC02077,zone-07,4,5.37,22.0,20.9,0.306,0.565,0,0,0
REC00865,zone-03,6,4.51,18.1,18.8,0.348,0.525,0,0,0
REC00482,zone-02,13,6.54,96.2,82.5,0.822,0.24,2,3,1
REC00585,zone-02,21,4.79,20.2,4.5,0.696,0.214,0,0,0
REC01186,zone-04,13,3.55,17.9,9.3,0.4,0.535,0,0,0
REC00948,zone-04,18,3.39,14.4,15.8,0.251,0.651,0,0,0
REC01296,zone-05,0,9.84,159.8,162.6,0.423,0.448,1,4,1
REC00433,zone-02,17,3.96,10.6,44.0,0.414,0.447,0,2,0
REC00530,zone-02,15,6.69,21.4,13.9,0.739,0.207,0,0,0
REC00435,zone-02,0,9.4,142.6,244.6,0.709,0.23,3,4,1
REC01449,zone-05,5,4.69,9.2,16.4,0.991,0.129,0,0,0
REC01090,zone-04,4,0,55.5,170.6,0.791,0.035,2,3,1
REC01117,zone-04,20,5.69,7.2,4.2,0.401,0.632,0,1,0
REC00110,zone-01,23,9.67,53.3,222.3,0.893,0.02,1,5,1
REC00936,zone-04,20,3.1,12.2,0,0.555,0.215,0,0,0
REC01818,zone-07,3,3.69,17.7,23.2,0.839,0.261,0,0,0
REC01410,zone-05,6,0,177.4,235.8,0.796,0.281,2,4,1
REC00719,zone-03,6,4.84,16.9,0,0.326,0.536,1,0,0
REC00496,zone-02,0,7.79,194.0,73.6,0.896,0.02,3,3,1
REC00969,zone-04,22,6.08,18.7,23.4,0.55,0.403,0,0,0
REC00721,zone-03,21,10.86,77.5,127.3,0.66,0.256,1,2,1
REC00850,zone-03,15,3.39,14.9,12.3,0.395,0.449,0,1,0
REC01506,zone-06,2,1.17,91.6,199.2,0.658,0.255,1,3,1
REC01625,zone-06,10,4.71,22.2,11.0,0.545,0.458,0,0,0
REC00540,zone-02,22,0,202.4,107.5,0.632,0.16,2,5,1
REC00621,zone-03,5,9.1,96.1,178.2,0.676,0.044,2,4,1
REC00415,zone-02,3,4.61,34.1,9.6,0.683,0.184,0,1,0
REC00836,zone-03,17,5.86,0,19.6,0.377,0.671,0,0,0
REC00673,zone-03,16,5.07,17.5,26.9,0.348,0.624,0,0,0
REC00810,zone-03,23,2.61,14.8,8.2,0.556,0.257,0,1,0
REC01071,zone-04,21,9.92,169.6,175.0,0.601,0.29,1,4,1
REC01579,zone-06,9,2.79,5.1,23.4,0.467,0.568,1,1,0
REC00039,zone-01,17,4.39,23.6,9.6,0.777,0.311,0,0,0
REC00623,zone-03,1,4.47,19.3,32.0,0.597,0.207,0,1,0
REC02025,zone-07,2,3.55,7.4,10.4,0.453,0.372,0,0,0
REC01852,zone-07,0,1.24,122.1,155.7,0.629,0.279,1,2,1
REC01062,zone-04,1,0,105.2,87.9,0.793,0.249,2,5,1
REC01133,zone-04,2,4.91,10.6,0,0.696,0.19,0,0,0
REC00462,zone-02,22,4.66,18.1,25.3,0.702,0.02,0,1,0
REC01163,zone-04,2,6.6,2.4,2.5,0.695,0.303,0,1,0
REC00899,zone-03,5,4.59,22.3,34.5,0.858,0.232,0,0,0
REC00459,zone-02,19,4.53,15.7,29.9,0.953,0.132,0,0,0
REC01935,zone-07,16,6.04,13.7,21.3,0.175,0.798,0,2,0
REC01790,zone-06,22,5.06,22.3,21.1,0.747,0.247,0,0,0
REC00326,zone-02,6,5.01,21.5,27.8,0.871,0.148,1,1,0
REC01149,zone-04,6,4.96,18.8,7.3,0.589,0.467,0,0,0
REC00413,zone-02,18,5.55,31.7,31.9,0.636,0.346,0,0,0
REC00853,zone-03,5,3.11,12.7,36.3,0.607,0.323,1,1,0
REC01907,zone-07,6,0,89.5,258.3,0.218,0.761,2,3,1
REC01286,zone-05,11,2.68,9.0,0.2,0.544,0.437,0,0,0
REC00640,zone-03,6,6.46,7.5,27.2,0.372,0.58,1,1,0
REC00044,zone-01,23,10.23,162.2,212.5,0.927,0.02,3,5,1
REC01013,zone-04,5,0,142.2,184.6,0.653,0.369,2,3,1
REC00909,zone-04,21,3.83,22.7,31.0,1.0,0.052,0,1,0
REC00518,zone-02,15,3.5,15.4,26.0,0.44,0.373,0,0,0
REC01336,zone-05,8,4.91,16.2,18.7,0.404,0.495,0,0,0
REC01656,zone-06,13,3.12,27.5,31.7,0.743,0.323,0,0,0
REC01666,zone-06,21,3.25,19.4,11.1,0.643,0.23,0,1,0
REC01659,zone-06,2,5.03,10.3,24.2,0.635,0.178,0,2,0
REC00489,zone-02,11,3.97,8.9,4.7,0.707,0.281,0,0,0
REC00223,zone-01,9,4.64,13.3,29.3,0.859,0.176,0,0,0
REC02056,zone-07,19,3.91,7.7,9.9,0.286,0.738,1,0,0
REC01066,zone-04,20,4.79,17.9,37.4,0.703,0.371,0,0,0
REC00282,zone-01,22,4.57,12.9,6.2,1.0,0.02,1,1,0
REC01816,zone-07,23,8.23,117.6,266.4,0.512,0.308,2,4,1
REC01407,zone-05,21,4.38,0,10.6,0.615,0.324,0,0,0
REC01870,zone-07,21,5.71,17.0,37.2,0.616,0.424,0,1,0
REC01943,zone-07,2,3.83,31.3,4.2,0.651,0.431,0,0,0
REC01309,zone-05,19,5.3,19.4,30.8,0.327,0.599,0,0,0
REC00339,zone-02,6,6.35,11.7,28.7,0.794,0.205,1,0,0
REC00924,zone-04,20,4.63,16.7,21.8,0.483,0.573,0,0,0
REC00219,zone-01,15,2.92,12.5,16.7,0.648,0.223,0,0,0
REC00704,zone-03,20,2.74,16.8,10.0,0.4,0.559,0,1,0
REC02008,zone-07,3,3.52,14.9,0,0.841,0.164,0,1,0
REC00349,zone-02,4,0,92.3,166.5,0.831,0.19,2,3,1
REC01147,zone-04,23,3.56,19.2,21.8,0.782,0.274,0,0,0
REC01175,zone-04,7,4.96,11.8,21.3,0.268,0.743,0,0,0
REC00953,zone-04,23,4.71,16.5,34.0,0.827,0.262,0,0,0
REC01398,zone-05,4,6.63,22.7,2.7,0.695,0.079,0,0,0
REC01420,zone-05,14,4.37,8.6,33.8,0.363,0.508,0,2,0
REC00248,zone-01,0,3.99,17.5,0,0.689,0.106,0,0,0
REC00279,zone-01,2,8.09,176.1,161.5,1.0,0.047,2,2,1
REC00943,zone-04,21,3.61,9.3,55.8,1.0,0.02,0,0,0
REC01427,zone-05,20,5.39,22.3,15.2,0.418,0.486,0,0,0
REC01516,zone-06,3,5.22,12.4,11.3,0.6,0.478,1,1,0
REC00070,zone-01,23,0,82.7,165.3,0.924,0.02,3,3,1
REC00949,zone-04,17,3.7,9.0,13.4,0.389,0.62,0,0,0
REC02093,zone-07,6,2.9,3.5,13.0,0.157,0.816,0,0,0
REC00937,zone-04,0,11.58,80.9,229.8,0.715,0.117,3,5,1
REC00037,zone-01,2,5.41,16.0,6.9,0.595,0.39,1,0,0
REC01094,zone-04,1,5.19,4.8,48.5,0.766,0.231,0,0,0
REC01972,zone-07,5,3.72,23.9,31.3,0.63,0.368,0,2,0
REC01188,zone-04,6,3.6,14.4,8.2,0.276,0.641,1,1,0
REC01070,zone-04,4,5.19,10.3,33.7,0.902,0.146,0,0,0
REC01106,zone-04,23,7.34,101.9,225.8,0.511,0.338,2,4,1
REC00958,zone-04,15,2.16,19.0,20.6,0.452,0.587,0,0,0
REC01729,zone-06,12,0.73,163.6,218.5,0.465,0.342,2,3,1
REC00537,zone-02,10,5.74,17.1,6.5,0.727,0.269,0,0,0
REC01408,zone-05,22,4.24,14.3,12.8,0.85,0.121,0,0,0
REC01039,zone-04,5,4.32,15.9,25.6,0.634,0.278,0,1,0
REC00955,zone-04,4,9.09,98.6,186.2,0.812,0.223,3,4,1
REC00062,zone-01,4,10.75,148.3,79.9,0.822,0.19,1,4,1
REC01221,zone-05,0,5.62,10.3,21.2,0.802,0.114,0,0,0
REC00726,zone-03,23,5.28,9.2,39.2,0.745,0.02,0,1,0
REC01782,zone-06,18,3.9,4.1,16.5,0.361,0.516,0,0,0
REC01770,zone-06,0,5.4,23.7,14.2,0.625,0.298,0,0,0
REC02019,zone-07,13,4.86,23.3,20.6,0.104,0.882,0,0,0
REC00806,zone-03,10,8.34,156.1,130.2,0.545,0.44,3,2,1
REC00354,zone-02,22,0,71.2,110.2,0.745,0.02,2,3,1
REC01821,zone-07,23,1.84,14.5,24.7,0.65,0.401,1,1,0
REC01218,zone-05,0,4.53,25.3,17.3,0.868,0.02,0,0,0
REC00401,zone-02,3,5.43,6.5,33.4,0.906,0.02,0,0,0
REC01533,zone-06,3,0,151.0,149.2,0.617,0.193,2,2,1
REC00340,zone-02,12,2.91,11.6,27.3,0.487,0.352,0,1,0
REC00111,zone-01,21,3.63,1.6,12.9,0.89,0.02,1,0,0
REC01640,zone-06,19,4.56,14.9,26.9,0.383,0.607,0,0,0
REC01266,zone-05,2,3.57,8.9,18.5,0.727,0.106,0,0,0
REC01269,zone-05,14,5.38,17.0,5.5,0.219,0.733,0,0,0
REC00669,zone-03,22,6.35,16.1,20.0,0.583,0.401,0,0,0
REC00845,zone-03,23,5.1,28.8,18.4,0.697,0.271,0,1,0
REC01541,zone-06,22,6.4,22.5,41.3,0.511,0.357,1,1,0
REC00384,zone-02,21,5.29,22.1,17.2,0.677,0.176,0,0,0
REC00221,zone-01,16,4.5,19.4,28.0,0.641,0.303,0,0,0
REC01402,zone-05,6,5.9,14.7,22.2,0.264,0.67,0,0,0
REC00096,zone-01,19,5.68,10.3,31.2,0.659,0.179,0,0,0
REC01270,zone-05,2,4.35,12.8,26.6,0.901,0.145,0,1,0
REC00782,zone-03,19,4.28,14.6,4.8,0.277,0.618,0,1,0
REC01313,zone-05,11,0.38,156.3,96.9,0.5,0.55,3,4,1
REC00637,zone-03,14,4.1,10.2,19.7,0.396,0.585,0,0,0
REC00268,zone-01,3,4.49,16.3,26.1,1.0,0.056,0,1,0
REC01063,zone-04,19,5.06,6.1,4.9,0.59,0.389,1,0,0
REC00193,zone-01,9,9.83,192.2,101.4,0.819,0.136,1,2,1
REC01812,zone-07,5,0,140.1,101.8,0.415,0.462,2,2,1
REC00117,zone-01,21,0,157.2,106.5,0.893,0.047,3,2,1
REC01728,zone-06,1,1.21,143.2,121.4,0.71,0.247,3,5,1
REC00854,zone-03,21,9.73,159.9,214.3,0.627,0.358,3,2,1
REC01542,zone-06,3,4.76,17.0,26.8,0.57,0.242,0,0,0
REC01658,zone-06,23,7.17,80.2,214.1,1.0,0.068,2,4,1
REC02039,zone-07,12,5.21,31.8,8.8,0.301,0.72,0,0,0
REC01332,zone-05,23,0,101.2,156.4,0.957,0.064,2,4,1
REC01910,zone-07,6,3.2,24.6,5.9,0.015,0.98,0,2,0
REC01279,zone-05,0,0.62,110.7,165.6,0.771,0.169,1,4,1
REC00025,zone-01,5,2.51,14.9,46.2,0.909,0.02,0,0,0
REC01485,zone-05,23,10.0,67.2,142.0,0.742,0.116,1,4,1
REC00614,zone-03,23,4.18,10.6,11.7,0.617,0.145,0,0,0
REC00898,zone-03,11,11.57,65.8,239.0,0.514,0.533,2,4,1
REC02087,zone-07,3,0,84.3,249.1,0.722,0.27,2,2,1
REC00986,zone-04,12,3.73,18.5,19.2,0.55,0.483,0,1,0
REC01079,zone-04,18,3.44,14.2,19.4,0.28,0.605,0,0,0
REC01892,zone-07,3,4.83,79.2,122.5,0.633,0.386,2,4,1
REC00974,zone-04,11,3.86,23.4,7.4,0.231,0.786,0,0,0
REC00694,zone-03,6,2.63,1.6,7.7,0.654,0.373,0,0,0
REC00656,zone-03,17,4.93,0,12.3,0.46,0.476,1,1,0
REC00344,zone-02,0,4.2,17.7,28.2,0.635,0.133,0,1,0
REC01682,zone-06,1,1.79,16.8,22.9,0.839,0.159,0,0,0
REC01057,zone-04,2,9.02,176.3,105.3,0.943,0.146,1,3,1
REC00961,zone-04,15,4.49,9.6,30.4,0.427,0.586,0,0,0
REC01462,zone-05,20,4.21,20.8,18.8,0.309,0.563,0,0,0
REC00715,zone-03,3,7.72,87.2,88.3,0.93,0.02,1,4,1
REC01721,zone-06,21,0.4,77.2,149.8,0.955,0.021,2,4,1
REC01518,zone-06,9,4.98,0,29.1,0.421,0.41,0,2,0
REC00758,zone-03,3,7.27,16.7,13.6,0.625,0.139,0,1,0
REC00742,zone-03,22,10.35,72.7,94.8,0.477,0.352,2,2,1
REC01981,zone-07,8,5.39,15.5,25.8,0.235,0.757,0,0,0
REC00416,zone-02,2,4.36,20.7,38.0,0.932,0.05,0,0,0
REC01945,zone-07,19,10.35,162.6,102.3,0.249,0.776,1,3,1
REC00554,zone-02,10,3.8,15.2,5.0,0.477,0.358,1,1,0
REC01920,zone-07,21,0,104.7,129.4,0.779,0.161,3,2,1
REC01766,zone-06,5,3.78,16.0,14.2,0.787,0.086,0,0,0
REC00522,zone-02,20,4.94,20.3,11.5,0.697,0.325,0,0,0
REC00809,zone-03,4,5.21,19.0,50.5,0.614,0.427,0,2,0
REC00024,zone-01,14,0,161.7,100.3,0.476,0.324,1,2,1
REC00391,zone-02,15,3.57,18.0,27.4,0.63,0.14,0,0,0
REC02095,zone-07,18,4.86,21.4,15.6,0.215,0.781,0,0,0
REC00692,zone-03,4,5.68,11.6,25.3,0.647,0.253,0,1,0
REC01299,zone-05,23,2.29,18.3,14.7,0.609,0.222,0,0,0
REC01007,zone-04,23,8.35,153.9,219.7,0.969,0.032,2,4,1
REC01302,zone-05,22,4.44,0,31.7,0.6,0.385,0,0,0
REC01757,zone-06,23,4.57,24.1,12.1,0.765,0.071,1,0,0
REC00771,zone-03,10,5.54,15.1,19.9,0.488,0.452,0,2,0
REC01622,zone-06,21,5.41,14.5,16.0,0.682,0.187,0,0,0
REC01629,zone-06,18,4.1,0,25.3,0.357,0.544,0,0,0
REC01688,zone-06,1,6.05,5.7,23.8,0.371,0.508,0,0,0
REC00891,zone-03,22,4.64,12.5,26.5,0.702,0.232,0,0,0
REC01864,zone-07,3,0.88,167.4,242.1,0.651,0.191,3,5,1
REC01152,zone-04,1,5.9,24.7,15.3,0.677,0.383,0,0,0
REC00837,zone-03,7,5.17,17.1,18.7,0.375,0.618,0,0,0
REC01908,zone-07,19,0.81,67.2,228.5,0.16,0.844,1,3,1
REC00130,zone-01,5,2.34,20.4,28.1,0.759,0.106,1,1,0
REC01036,zone-04,6,6.96,145.8,204.0,0.525,0.426,1,2,1
REC01874,zone-07,17,3.83,16.2,23.3,0.022,0.98,0,0,0
REC00516,zone-02,12,8.23,68.6,269.6,0.649,0.096,2,3,1
REC01283,zone-05,2,4.25,18.0,20.0,0.965,0.132,1,0,0
REC01727,zone-06,4,3.77,133.5,137.0,0.768,0.329,3,3,1
REC01553,zone-06,7,5.07,12.9,11.7,0.29,0.667,0,0,0
REC00738,zone-03,2,1.63,83.5,165.4,0.776,0.223,3,2,1
REC01247,zone-05,23,6.26,28.8,8.5,0.879,0.096,0,0,0
REC00913,zone-04,7,3.97,12.3,13.9,0.534,0.5,0,0,0
REC00051,zone-01,1,8.25,168.3,180.2,0.832,0.225,1,2,1
REC01236,zone-05,2,0.25,69.7,133.6,0.605,0.193,1,4,1
REC00972,zone-04,21,5.62,169.2,235.3,0.963,0.02,1,2,1
REC01193,zone-04,1,8.95,95.1,239.5,0.732,0.287,2,5,1
REC00028,zone-01,22,5.35,29.5,9.8,0.754,0.02,1,1,0
REC01823,zone-07,0,4.68,28.2,11.1,0.58,0.345,0,0,0
REC01143,zone-04,14,7.72,16.6,1.6,0.606,0.421,0,0,0
REC00813,zone-03,19,0.23,148.8,167.3,0.36,0.535,2,2,1
REC01206,zone-05,15,5.3,27.5,22.8,0.468,0.436,0,0,0
REC01647,zone-06,5,4.36,0.5,20.5,0.56,0.38,0,1,0
REC00069,zone-01,4,3.4,0.2,18.9,1.0,0.091,0,0,0
REC00116,zone-01,18,5.43,12.2,30.9,1.0,0.024,0,1,0
REC01292,zone-05,5,0,138.9,234.6,0.747,0.132,1,2,1
REC01685,zone-06,16,6.71,17.2,6.9,0.374,0.584,0,0,0
REC01386,zone-05,20,5.18,26.2,9.8,0.543,0.501,0,0,0
REC01104,zone-04,10,5.09,13.8,10.0,0.482,0.43,0,1,0
REC01735,zone-06,14,0.82,144.5,197.8,0.453,0.595,2,2,1
REC01004,zone-04,21,4.56,22.5,36.1,0.829,0.248,1,0,0
REC00803,zone-03,22,2.38,10.6,29.4,0.729,0.234,0,0,0
REC00884,zone-03,5,4.58,15.7,5.6,0.948,0.111,0,2,0
REC00870,zone-03,19,4.38,10.9,16.2,0.419,0.604,0,1,0
REC00144,zone-01,12,7.97,86.4,183.8,0.741,0.086,1,4,1
REC01942,zone-07,2,5.31,12.3,22.3,0.565,0.199,0,2,0
REC01080,zone-04,6,5.28,10.9,31.8,0.457,0.545,0,1,0
REC01404,zone-05,0,5.95,15.7,10.7,0.661,0.319,0,0,0
REC01768,zone-06,23,6.35,180.1,205.9,0.728,0.148,2,5,1
REC01944,zone-07,14,4.08,15.1,0.4,0.016,0.98,1,0,0
REC01021,zone-04,2,8.69,173.4,218.8,0.685,0.025,2,2,1
REC01997,zone-07,19,3.32,15.4,27.6,0.024,0.967,0,0,0
REC01376,zone-05,22,4.4,26.8,0,0.6,0.234,0,0,0
REC00748,zone-03,5,3.52,8.2,4.4,0.471,0.485,0,0,0
REC01082,zone-04,21,9.12,84.4,264.0,0.849,0.248,2,2,1
REC00410,zone-02,11,5.04,13.3,0,0.788,0.151,0,0,0
REC00500,zone-02,0,4.24,19.4,14.8,0.861,0.11,0,0,0
REC01937,zone-07,5,4.46,12.9,31.2,0.735,0.34,0,1,0
REC00945,zone-04,4,1.55,132.6,139.5,0.478,0.426,1,2,1
REC01378,zone-05,22,3.51,5.6,40.6,0.81,0.169,0,0,0
REC01277,zone-05,1,4.29,12.6,15.7,0.53,0.307,0,0,0
REC00649,zone-03,19,2.96,15.1,30.7,0.503,0.461,0,1,0
REC00553,zone-02,1,5.25,21.4,14.1,0.72,0.19,0,0,0
REC00115,zone-01,19,2.51,9.7,33.7,1.0,0.02,0,0,0
REC01511,zone-06,21,3.85,131.0,257.2,0.683,0.222,3,2,1
REC01526,zone-06,3,9.15,137.9,163.2,0.62,0.228,1,3,1
REC00396,zone-02,15,3.98,12.3,30.3,0.774,0.216,0,1,0
REC00498,zone-02,21,5.25,10.5,10.1,0.676,0.092,0,1,0
REC01469,zone-05,20,5.63,20.3,25.8,0.238,0.712,0,0,0
REC00928,zone-04,4,7.43,66.2,207.5,0.623,0.276,1,3,1
REC01276,zone-05,2,6.43,106.9,207.3,0.663,0.361,1,2,1
REC00192,zone-01,21,1.14,111.6,197.7,0.536,0.258,2,4,1
REC00275,zone-01,3,5.09,21.2,21.2,0.701,0.02,0,0,0
REC00472,zone-02,2,3.66,11.5,4.2,1.0,0.02,0,1,0
REC01905,zone-07,3,3.84,8.5,24.7,0.535,0.348,0,1,0
REC01205,zone-05,18,4.54,33.9,10.8,0.505,0.515,0,0,0
REC01403,zone-05,2,0,110.8,212.5,0.617,0.191,2,3,1
REC00107,zone-01,1,0.58,91.2,213.1,0.721,0.02,1,5,1
REC01379,zone-05,22,0,110.5,120.8,0.66,0.119,2,5,1
REC00239,zone-01,20,2.51,11.9,33.7,0.932,0.065,0,1,0
REC01453,zone-05,23,0,96.1,254.4,0.8,0.197,2,5,1
REC00281,zone-01,23,3.75,18.5,8.6,1.0,0.02,0,1,0
REC00950,zone-04,3,9.11,102.2,212.5,0.891,0.167,2,5,1
REC01513,zone-06,22,4.65,3.6,29.1,0.66,0.277,0,0,0
REC00707,zone-03,14,7.85,99.9,124.0,0.728,0.362,2,2,1
REC00588,zone-02,21,5.93,23.6,32.2,0.783,0.154,0,1,0
REC00013,zone-01,1,2.25,4.2,17.2,0.759,0.02,1,2,0
REC00946,zone-04,8,4.95,0,22.9,0.652,0.425,0,0,0
REC02011,zone-07,13,4.18,12.9,4.4,0.08,0.893,1,0,0
REC01126,zone-04,11,9.66,75.5,220.5,0.242,0.713,1,3,1
REC02067,zone-07,21,5.48,16.8,18.8,0.744,0.131,0,0,0
REC00302,zone-02,2,8.64,161.9,126.9,0.683,0.272,1,3,1
REC00382,zone-02,20,5.47,16.9,18.9,0.488,0.452,0,1,0
REC01887,zone-07,23,10.74,132.6,105.2,0.869,0.201,1,5,1
REC01895,zone-07,1,0.84,86.5,106.6,0.789,0.265,2,4,1
REC01158,zone-04,18,1.93,162.5,180.6,0.32,0.56,2,3,1
REC00617,zone-03,1,2.71,0,21.6,0.833,0.105,0,0,0
REC00226,zone-01,7,6.15,28.8,19.2,0.878,0.022,0,1,0
REC01348,zone-05,1,0,61.0,144.2,0.698,0.289,2,4,1
REC01162,zone-04,19,4.88,11.3,30.8,0.485,0.438,0,0,0
REC00284,zone-01,23,10.44,135.4,234.8,0.963,0.02,2,5,1
REC01439,zone-05,22,3.37,22.0,8.0,0.859,0.24,0,1,0
REC00528,zone-02,4,7.11,162.3,82.3,0.963,0.071,2,3,1
REC01324,zone-05,0,3.94,14.7,23.9,0.668,0.329,0,2,0
REC00903,zone-04,22,3.79,0,29.6,0.496,0.362,0,0,0
REC01092,zone-04,11,5.62,11.6,32.5,0.337,0.658,1,0,0
REC00655,zone-03,14,3.2,6.7,24.1,0.398,0.561,1,0,0
REC00474,zone-02,8,2.91,15.7,28.5,0.66,0.274,1,0,0
REC00368,zone-02,9,4.4,11.5,23.9,0.517,0.507,1,0,0
REC01278,zone-05,22,4.18,19.4,6.3,0.621,0.254,0,2,0
REC00856,zone-03,16,3.42,16.9,6.0,0.476,0.576,0,0,0
REC00917,zone-04,10,5.9,25.8,26.7,0.49,0.441,0,1,0
REC01327,zone-05,2,3.92,15.8,19.9,0.51,0.451,0,0,0
REC00864,zone-03,8,4.2,17.8,16.7,0.411,0.503,0,0,0
REC00112,zone-01,16,5.63,18.5,22.1,0.698,0.091,1,0,0
REC01300,zone-05,4,0,148.1,232.3,0.666,0.284,1,2,1
REC00225,zone-01,0,3.14,27.0,33.6,1.0,0.031,0,0,0
REC00684,zone-03,16,5.64,20.5,30.7,0.519,0.45,0,0,0
REC00785,zone-03,21,3.58,0,0.6,0.656,0.327,0,1,0
REC01653,zone-06,18,5.93,9.9,27.0,0.396,0.597,0,0,0
REC00858,zone-03,10,3.54,7.4,14.4,0.354,0.544,0,0,0
REC00266,zone-01,2,3.41,16.6,18.5,0.994,0.02,0,2,0
REC00847,zone-03,17,6.57,21.0,13.6,0.343,0.537,0,0,0
REC00012,zone-01,21,5.31,26.4,29.2,0.892,0.066,0,2,0
REC00645,zone-03,1,4.25,22.1,10.0,0.917,0.104,0,0,0
REC01189,zone-04,5,4.04,1.5,28.9,0.634,0.267,1,0,0
REC01217,zone-05,13,4.19,2.1,22.5,0.548,0.461,0,0,0
REC00629,zone-03,4,4.6,5.8,8.3,0.887,0.082,0,0,0
REC01174,zone-04,15,8.34,62.1,139.8,0.659,0.237,1,3,1
REC00247,zone-01,2,2.45,201.9,185.7,0.652,0.206,2,3,1
REC01184,zone-04,2,4.98,27.5,27.5,0.719,0.35,0,0,0
REC01249,zone-05,23,9.86,121.4,126.2,0.687,0.057,1,4,1
REC00571,zone-02,17,5.76,26.8,29.3,0.412,0.446,0,1,0
REC01615,zone-06,23,0.68,154.4,158.5,0.556,0.356,2,3,1
REC01779,zone-06,14,9.02,94.7,303.1,0.371,0.534,3,2,1
REC02013,zone-07,7,1.24,18.4,26.0,0.185,0.831,0,0,0
REC00602,zone-03,23,6.12,11.2,23.7,0.726,0.183,0,0,0
REC01048,zone-04,22,4.05,27.0,28.5,0.722,0.296,0,0,0
REC01551,zone-06,6,5.29,15.9,32.7,0.39,0.448,0,1,0
REC01084,zone-04,2,3.58,15.2,13.9,0.464,0.385,0,0,0
REC00533,zone-02,10,4.67,6.0,24.2,0.595,0.314,0,0,0
REC01815,zone-07,3,4.87,27.6,2.0,0.465,0.372,0,1,0
REC01567,zone-06,2,9.17,98.5,208.6,0.873,0.097,3,4,1
REC00791,zone-03,22,3.98,20.6,29.3,0.658,0.205,0,0,0
REC01621,zone-06,23,8.24,8.8,7.1,0.987,0.126,0,1,0
REC01361,zone-05,0,5.12,13.7,4.9,0.774,0.193,0,0,0
REC01749,zone-06,21,0.72,60.6,196.1,0.549,0.327,2,3,1
REC01002,zone-04,14,4.68,26.9,25.0,0.326,0.644,0,0,0
REC00510,zone-02,1,7.42,194.6,252.2,0.748,0.02,3,2,1
REC01219,zone-05,4,5.73,21.3,21.5,0.856,0.193,1,0,0
REC00708,zone-03,21,4.34,21.7,13.7,0.633,0.198,0,0,0
REC00648,zone-03,23,3.57,4.5,16.6,0.963,0.02,0,0,0
REC01366,zone-05,2,2.12,102.4,213.9,0.951,0.074,1,4,1
REC00375,zone-02,20,5.69,9.1,20.9,0.565,0.35,0,1,0
REC01000,zone-04,17,3.74,33.9,19.6,0.439,0.539,0,0,0
REC01383,zone-05,5,5.4,15.6,8.2,0.973,0.089,0,0,0
REC00131,zone-01,6,0,108.6,88.6,0.657,0.289,2,3,1
REC01390,zone-05,20,4.12,23.6,36.6,0.391,0.582,0,0,0
REC01182,zone-04,20,6.48,16.1,31.9,0.377,0.638,0,0,0
REC01975,zone-07,2,9.95,204.6,112.5,0.614,0.299,2,2,1
REC00883,zone-03,3,2.66,109.2,111.6,0.582,0.211,2,3,1
REC01289,zone-05,15,3.98,17.4,18.2,0.296,0.718,0,0,0
REC00600,zone-02,2,3.86,9.4,24.0,0.777,0.118,0,0,0
REC00805,zone-03,0,4.38,5.1,20.5,0.75,0.297,0,0,0
REC01500,zone-05,1,5.07,15.1,33.9,0.859,0.094,0,1,0
REC00336,zone-02,23,5.16,16.9,26.8,0.887,0.119,0,0,0
REC00724,zone-03,20,8.84,136.2,104.2,0.417,0.6,2,5,1
REC00795,zone-03,3,2.31,15.2,42.2,0.866,0.245,0,1,0
REC01763,zone-06,20,4.36,20.5,29.9,0.552,0.47,0,0,0
REC01717,zone-06,22,4.52,15.4,0.8,0.6,0.166,0,0,0
REC00202,zone-01,19,4.98,12.3,30.6,0.613,0.127,0,0,0
REC00194,zone-01,2,4.17,8.8,27.0,0.804,0.02,0,0,0
REC00085,zone-01,21,0,136.4,217.1,0.714,0.113,2,2,1
REC01889,zone-07,20,2.79,28.4,33.7,0.4,0.552,1,0,0
REC01073,zone-04,4,7.83,173.4,219.2,0.584,0.24,1,4,1
REC00431,zone-02,20,4.04,11.0,3.2,0.929,0.19,0,1,0
REC00699,zone-03,8,3.7,2.8,31.7,0.493,0.458,0,0,0
REC01190,zone-04,3,4.63,18.0,33.3,0.53,0.355,0,1,0
REC00702,zone-03,4,6.01,111.7,137.4,1.0,0.104,2,4,1
REC00846,zone-03,23,9.16,97.2,202.8,0.541,0.239,3,3,1
REC01904,zone-07,15,4.23,19.7,21.9,0.221,0.782,0,0,0
REC00414,zone-02,1,4.13,22.7,15.3,0.806,0.153,0,1,0
REC01814,zone-07,6,4.24,16.2,29.2,0.115,0.882,0,0,0
REC01891,zone-07,2,7.72,68.6,173.1,0.697,0.335,1,3,1
REC00212,zone-01,17,5.58,13.9,20.7,1.0,0.02,0,0,0
REC01951,zone-07,14,3.04,21.7,13.2,0.08,0.902,1,0,0
REC01097,zone-04,7,6.0,19.8,26.6,0.391,0.587,0,2,0
REC01448,zone-05,0,8.86,160.7,222.5,0.576,0.296,1,2,1
REC00260,zone-01,21,4.63,19.2,19.3,0.996,0.072,0,0,0
REC00428,zone-02,3,10.24,54.9,135.2,0.88,0.127,3,4,1
REC01155,zone-04,13,4.18,21.5,14.7,0.39,0.654,0,0,0
REC00779,zone-03,2,4.14,13.9,0,0.571,0.333,0,0,0
REC01029,zone-04,15,3.91,14.6,10.9,0.389,0.457,0,0,0
REC02084,zone-07,2,9.2,96.2,246.1,0.577,0.227,2,2,1
REC00896,zone-03,21,3.99,15.5,39.7,0.754,0.184,1,0,0
REC00532,zone-02,16,2.67,11.1,0.8,0.727,0.334,0,0,0
REC00294,zone-01,0,7.65,164.1,123.2,0.634,0.099,3,5,1
REC00425,zone-02,15,10.13,156.0,203.3,0.634,0.323,1,3,1
REC01589,zone-06,12,4.93,18.0,16.1,0.374,0.471,0,0,0
REC01303,zone-05,12,4.05,10.9,30.7,0.465,0.354,0,1,0
REC00305,zone-02,23,3.34,15.7,20.1,0.66,0.297,0,0,0
REC01157,zone-04,1,5.03,12.6,1.1,0.458,0.353,0,0,0
REC01372,zone-05,3,6.09,15.8,26.5,0.75,0.145,0,0,0
REC01167,zone-04,14,3.15,18.5,21.2,0.43,0.562,0,0,0
REC01308,zone-05,2,4.35,12.1,27.9,0.707,0.209,0,0,0
REC00690,zone-03,22,6.81,13.8,28.2,0.774,0.02,0,0,0
REC00929,zone-04,22,4.77,14.5,30.8,0.666,0.218,0,0,0
REC01248,zone-05,21,3.75,3.6,7.7,0.916,0.09,0,0,0
REC01593,zone-06,5,10.73,96.1,211.1,0.85,0.256,1,2,1
REC01706,zone-06,14,3.74,18.4,24.3,0.462,0.536,1,1,0
REC01290,zone-05,23,10.89,80.1,199.6,0.703,0.162,1,2,1
REC01650,zone-06,7,5.12,22.5,25.7,0.145,0.841,1,0,0
REC01794,zone-06,5,4.37,23.2,29.7,0.6,0.163,0,2,0
REC00312,zone-02,18,4.6,18.3,23.1,0.52,0.263,0,0,0
REC01967,zone-07,1,3.98,2.0,5.8,0.52,0.42,0,0,0
REC02044,zone-07,19,4.59,10.3,34.7,0.186,0.807,0,0,0
REC00172,zone-01,5,2.18,19.8,0,1.0,0.02,0,0,0
REC01545,zone-06,22,2.25,108.3,239.0,0.653,0.194,2,4,1
REC00452,zone-02,3,3.48,14.3,19.2,0.837,0.069,1,0,0
REC01467,zone-05,7,2.9,16.2,0,0.536,0.52,0,0,0
REC00753,zone-03,19,2.92,23.4,17.3,0.502,0.523,0,0,0
REC01422,zone-05,23,6.86,12.6,23.3,0.607,0.328,0,1,0
REC00583,zone-02,23,3.27,4.2,16.6,0.973,0.133,0,0,0
REC01059,zone-04,0,0,125.5,156.9,0.91,0.02,2,2,1
REC01395,zone-05,0,3.68,10.4,30.2,0.518,0.261,0,2,0
REC00283,zone-01,15,5.77,36.3,16.9,0.547,0.297,0,0,0
REC01849,zone-07,1,5.56,7.7,19.5,0.619,0.351,0,0,0
REC01652,zone-06,15,3.58,11.4,13.8,0.423,0.476,0,0,0
REC00729,zone-03,23,1.61,123.9,116.4,0.479,0.573,1,3,1
REC01105,zone-04,3,3.03,15.1,13.4,0.582,0.203,0,0,0
REC00253,zone-01,4,3.43,13.1,27.6,0.963,0.067,1,0,0
REC01684,zone-06,9,3.49,24.3,0,0.386,0.606,0,0,0
REC00407,zone-02,20,4.88,11.3,18.7,0.419,0.455,0,0,0
REC02028,zone-07,5,2.68,36.5,17.5,0.585,0.365,0,0,0
REC01683,zone-06,6,3.09,12.4,0,0.344,0.636,0,0,0
REC01926,zone-07,3,10.62,121.3,213.2,0.713,0.35,1,4,1
REC00687,zone-03,12,5.3,27.9,35.0,0.426,0.498,1,0,0
REC00419,zone-02,5,5.32,21.4,22.1,0.686,0.02,0,0,0
REC00876,zone-03,2,0,141.5,245.6,0.841,0.266,3,5,1
REC00979,zone-04,15,9.71,161.1,183.6,0.249,0.707,2,3,1
REC00792,zone-03,23,3.71,5.7,21.0,0.338,0.551,0,0,0
REC00050,zone-01,23,3.51,8.5,30.4,0.819,0.083,0,1,0
REC00905,zone-04,21,5.26,2.8,19.6,0.667,0.341,0,0,0
REC01121,zone-04,1,3.2,13.9,39.0,0.864,0.02,0,0,0
REC01932,zone-07,22,4.85,11.5,23.6,0.745,0.297,0,0,0
REC00801,zone-03,14,5.24,17.2,12.8,0.159,0.855,0,0,0
REC00234,zone-01,23,0.59,154.1,200.5,0.611,0.269,2,3,1
REC01461,zone-05,19,3.37,15.8,34.8,0.276,0.679,1,1,0
REC00504,zone-02,2,3.73,25.8,10.1,0.841,0.15,0,0,0
REC00271,zone-01,17,3.51,13.6,27.2,0.828,0.196,0,1,0
REC01737,zone-06,1,3.79,30.1,20.9,0.594,0.259,1,0,0
REC01940,zone-07,6,4.93,6.1,28.7,0.4,0.648,0,0,0
REC02007,zone-07,3,4.72,13.8,36.0,0.67,0.301,0,0,0
REC00834,zone-03,0,10.93,153.6,78.5,0.792,0.306,2,4,1
REC02055,zone-07,21,5.79,9.0,37.8,0.552,0.387,0,1,0
REC01122,zone-04,1,3.95,12.2,35.0,0.624,0.432,0,2,0
REC00977,zone-04,22,3.51,14.4,28.3,0.661,0.073,1,0,0
REC00658,zone-03,16,7.85,65.4,265.5,0.619,0.249,1,3,1
REC00178,zone-01,1,4.07,11.7,23.9,1.0,0.099,1,1,0
REC01847,zone-07,6,0,172.9,125.4,0.137,0.874,2,2,1
REC02078,zone-07,1,6.1,12.2,19.9,0.633,0.404,0,0,0
REC01179,zone-04,21,7.05,115.8,208.2,0.519,0.263,2,2,1
REC01838,zone-07,9,3.15,16.2,17.1,0.117,0.873,1,0,0
REC00257,zone-01,6,3.86,12.8,28.8,0.778,0.02,0,0,0
REC00138,zone-01,21,4.65,135.1,136.3,0.967,0.02,3,3,1
REC01605,zone-06,14,5.65,14.6,6.5,0.671,0.335,0,0,0
REC01654,zone-06,13,5.19,20.8,33.4,0.378,0.506,0,0,0
REC01996,zone-07,8,3.51,19.6,31.7,0.211,0.731,0,2,0
REC01514,zone-06,12,5.21,26.4,17.4,0.446,0.451,0,0,0
REC01291,zone-05,4,0,55.6,112.2,0.601,0.184,1,5,1
REC00697,zone-03,11,4.79,5.0,11.6,0.683,0.252,0,0,0
REC01294,zone-05,4,5.12,6.3,22.3,0.67,0.134,1,0,0
REC00862,zone-03,11,4.25,12.7,0,0.211,0.704,0,1,0
REC00877,zone-03,4,8.59,95.4,221.5,0.788,0.286,2,3,1
REC01898,zone-07,16,5.31,11.7,8.5,0.144,0.808,0,0,0
REC01754,zone-06,15,4.77,19.2,35.2,0.368,0.608,1,1,0
REC00165,zone-01,2,4.04,23.0,19.8,0.986,0.115,0,2,0
REC00214,zone-01,5,0.77,69.0,245.8,0.916,0.02,2,4,1
REC00402,zone-02,2,1.75,198.6,150.2,0.824,0.128,3,2,1
REC00723,zone-03,20,3.83,20.9,26.0,0.254,0.688,0,0,0
REC01352,zone-05,3,0,72.5,107.4,0.653,0.13,3,3,1
REC00243,zone-01,10,5.37,4.2,16.2,0.722,0.02,0,0,0
REC01785,zone-06,6,4.42,8.1,21.6,0.408,0.521,0,0,0
REC01468,zone-05,0,3.99,3.5,16.0,0.762,0.105,0,1,0
REC00502,zone-02,6,3.42,16.6,24.0,0.407,0.519,0,0,0
REC01563,zone-06,5,4.54,3.6,12.9,0.705,0.178,1,0,0
REC02063,zone-07,11,2.49,13.9,0,0.284,0.691,0,0,0
REC00594,zone-02,7,4.64,20.9,15.0,0.385,0.655,1,1,0
REC01280,zone-05,5,5.43,0.8,7.2,0.883,0.167,0,0,0
REC01817,zone-07,23,5.58,23.3,7.6,0.48,0.334,1,2,0
REC00584,zone-02,15,4.35,22.1,34.8,0.585,0.237,0,0,0
REC00155,zone-01,0,4.33,13.2,26.3,0.627,0.115,0,0,0
REC01406,zone-05,3,4.44,19.2,23.4,0.521,0.482,0,0,0
REC00954,zone-04,19,3.4,5.4,22.5,0.264,0.635,0,0,0
REC00960,zone-04,22,5.38,14.0,14.1,0.812,0.146,1,1,0
REC00789,zone-03,19,4.58,18.2,33.9,0.414,0.537,1,0,0
REC01930,zone-07,11,4.23,5.7,23.8,0.162,0.85,0,2,0
REC00480,zone-02,9,0.01,108.9,180.1,0.724,0.322,2,2,1
REC01869,zone-07,12,5.44,16.4,33.2,0.024,0.977,0,1,0
REC00445,zone-02,20,4.34,40.6,30.5,0.836,0.22,0,0,0
REC00705,zone-03,3,4.93,11.3,17.1,0.804,0.074,1,0,0
REC00586,zone-02,1,1.82,49.1,233.5,0.888,0.172,1,3,1
REC00001,zone-01,16,4.64,14.0,2.0,0.604,0.245,1,0,0
REC00465,zone-02,19,4.76,9.1,20.2,0.587,0.338,0,2,0
REC02075,zone-07,23,0,94.2,241.1,0.458,0.443,3,2,1
REC01187,zone-04,19,5.17,1.1,33.3,0.445,0.56,0,1,0
REC00921,zone-04,8,1.4,14.4,11.2,0.456,0.571,1,0,0
REC00006,zone-01,11,5.72,25.9,11.7,0.695,0.154,0,0,0
REC01970,zone-07,19,3.61,12.9,1.8,0.268,0.716,1,0,0
REC01993,zone-07,11,4.62,10.6,17.2,0.148,0.85,0,0,0
REC00725,zone-03,3,6.14,106.6,182.0,0.814,0.03,1,4,1
REC01857,zone-07,6,4.26,23.5,12.8,0.134,0.836,0,0,0
REC01053,zone-04,8,2.72,8.3,35.3,0.521,0.499,0,0,0
REC00132,zone-01,14,5.25,30.6,26.4,0.841,0.02,0,2,0
REC01009,zone-04,1,8.27,173.2,274.6,0.528,0.286,1,4,1
REC00576,zone-02,6,2.22,99.4,172.2,0.456,0.434,3,3,1
REC01284,zone-05,0,5.11,11.7,20.2,1.0,0.02,0,1,0
REC01756,zone-06,6,8.98,177.6,101.0,0.511,0.555,1,2,1
REC01429,zone-05,4,4.88,10.4,33.1,0.76,0.245,0,2,0
REC00300,zone-01,2,1.55,91.1,226.6,0.726,0.111,2,5,1
REC00772,zone-03,20,3.5,11.7,6.3,0.499,0.48,1,0,0
REC01530,zone-06,20,3.68,6.7,4.7,0.368,0.558,0,0,0
REC02082,zone-07,16,3.32,85.6,172.7,0.104,0.858,3,5,1
REC00700,zone-03,3,3.68,20.3,8.0,0.626,0.151,0,1,0
REC01192,zone-04,23,3.42,13.3,26.6,0.522,0.261,0,0,0
REC01463,zone-05,20,5.6,28.8,0,0.434,0.493,1,0,0
REC00045,zone-01,23,7.82,82.9,137.8,0.947,0.02,2,3,1
REC01457,zone-05,2,5.92,16.1,0,0.839,0.133,0,0,0
REC01792,zone-06,2,4.0,10.3,11.3,0.658,0.159,0,2,0
REC00127,zone-01,2,5.99,118.8,146.6,0.845,0.02,2,3,1
REC01237,zone-05,21,5.68,18.1,17.1,0.775,0.237,0,1,0
REC00174,zone-01,9,3.79,20.6,29.2,0.54,0.255,0,0,0
REC00998,zone-04,11,3.09,29.3,12.4,0.315,0.721,0,1,0
REC01333,zone-05,7,5.99,5.2,39.3,0.316,0.601,1,0,0
REC01601,zone-06,18,2.91,22.9,32.2,0.558,0.459,1,0,0
REC00463,zone-02,8,7.48,169.1,145.1,0.393,0.458,3,2,1
REC01268,zone-05,22,3.16,6.8,22.3,0.538,0.352,0,0,0
REC00766,zone-03,17,4.49,9.3,15.8,0.456,0.524,0,1,0
REC00434,zone-02,19,3.78,19.5,24.2,0.519,0.464,1,0,0
REC00499,zone-02,13,1.1,155.3,160.5,0.62,0.387,2,2,1
REC01524,zone-06,2,3.02,15.3,18.1,0.882,0.02,0,0,0
REC01181,zone-04,9,0,164.6,176.3,0.501,0.513,1,2,1
REC01761,zone-06,11,0,96.7,173.3,0.202,0.759,1,3,1
REC01859,zone-07,8,0,151.0,179.0,0.366,0.676,1,3,1
REC01536,zone-06,0,2.8,12.1,12.2,0.911,0.141,0,0,0
REC01571,zone-06,7,4.09,14.9,30.1,0.534,0.478,0,0,0
REC01464,zone-05,1,0,163.6,206.9,0.581,0.251,1,4,1
REC01705,zone-06,4,6.09,0,36.8,0.763,0.128,0,0,0
REC00310,zone-02,0,10.11,147.5,150.0,0.577,0.237,2,2,1
REC00379,zone-02,19,5.32,17.0,42.6,0.526,0.358,0,0,0
REC01609,zone-06,5,5.64,52.1,262.5,0.638,0.135,1,2,1
REC01649,zone-06,2,4.83,11.4,0,0.573,0.292,0,0,0
REC01432,zone-05,9,5.58,10.1,34.7,0.498,0.54,0,1,0
REC01508,zone-06,6,3.48,29.7,3.2,0.386,0.626,0,0,0
REC00093,zone-01,10,5.32,28.5,25.6,0.833,0.26,1,0,0
REC01025,zone-04,21,9.5,69.4,218.4,0.836,0.171,2,3,1
REC01669,zone-06,19,5.12,11.0,7.8,0.455,0.466,0,2,0
REC01201,zone-05,23,8.35,130.6,144.9,0.687,0.109,1,2,1
REC00473,zone-02,17,3.88,10.8,21.4,1.0,0.033,0,1,0
REC00249,zone-01,0,7.65,77.9,274.4,0.669,0.072,1,4,1
REC02042,zone-07,0,3.92,8.3,23.5,0.533,0.414,0,0,0
REC01965,zone-07,12,6.29,17.0,31.4,0.04,0.944,0,1,0
REC00727,zone-03,21,3.71,12.0,26.8,0.803,0.22,0,1,0
REC02020,zone-07,10,4.2,7.0,18.3,0.048,0.952,0,1,0
REC01385,zone-05,1,0.69,94.8,180.1,0.915,0.123,2,5,1
REC00812,zone-03,19,6.24,17.1,27.0,0.465,0.374,1,0,0
REC01698,zone-06,6,4.88,9.6,6.4,0.248,0.705,0,0,0
REC00973,zone-04,22,8.75,143.9,200.0,0.575,0.446,1,3,1
REC01939,zone-07,22,8.4,193.1,249.7,0.625,0.272,1,2,1
REC01238,zone-05,12,7.52,125.8,215.3,0.564,0.444,1,2,1
REC01726,zone-06,3,0,85.0,201.4,0.748,0.204,3,5,1
REC00832,zone-03,2,6.07,72.4,123.3,0.569,0.277,1,5,1
REC00361,zone-02,3,8.9,134.9,109.0,0.794,0.122,3,3,1
REC01210,zone-05,20,5.02,29.6,37.3,0.379,0.567,0,1,0
REC00494,zone-02,11,5.15,2.7,7.4,0.354,0.688,0,1,0
REC01493,zone-05,22,3.32,31.7,41.2,0.578,0.245,1,1,0
REC01878,zone-07,12,3.79,15.8,12.2,0.14,0.822,0,1,0
REC02071,zone-07,23,0,92.6,155.2,0.826,0.102,1,2,1
REC01110,zone-04,22,10.0,200.9,170.4,0.822,0.121,2,5,1
REC01983,zone-07,4,3.98,20.1,16.1,0.823,0.187,0,0,0
REC01678,zone-06,1,9.38,161.3,127.4,0.801,0.301,3,4,1
REC00179,zone-01,23,2.29,143.2,202.8,0.873,0.02,3,5,1
REC00619,zone-03,18,5.56,8.4,18.5,0.365,0.629,0,1,0
REC00055,zone-01,6,0.34,157.6,141.6,0.867,0.147,2,4,1
REC01610,zone-06,4,0,112.0,246.9,0.722,0.244,1,5,1
REC01791,zone-06,2,1.93,9.1,14.9,0.834,0.189,0,1,0
REC01409,zone-05,4,5.04,14.4,23.9,0.507,0.433,0,0,0
REC00322,zone-02,23,4.29,24.8,23.4,0.759,0.139,0,1,0
REC01440,zone-05,4,4.04,0,17.8,0.75,0.263,1,0,0
REC01928,zone-07,4,4.61,13.6,17.8,0.496,0.305,0,1,0
REC00204,zone-01,4,1.36,110.9,89.1,1.0,0.022,1,2,1
REC00324,zone-02,4,8.42,184.3,145.5,0.861,0.158,2,4,1
REC00907,zone-04,13,5.6,16.9,17.2,0.627,0.433,0,0,0
REC00186,zone-01,3,3.17,20.1,38.8,1.0,0.02,0,0,0
REC01540,zone-06,5,2.34,76.5,187.6,0.866,0.218,2,2,1
REC01265,zone-05,13,4.35,22.6,22.7,0.47,0.403,0,0,0
REC00377,zone-02,6,5.59,14.4,29.8,0.751,0.26,0,1,0
REC00804,zone-03,9,4.1,18.2,28.3,0.785,0.257,1,0,0
REC00892,zone-03,21,2.88,9.0,20.7,0.943,0.02,0,1,0
REC01634,zone-06,18,2.81,12.4,25.0,0.281,0.649,0,0,0
REC01456,zone-05,19,6.05,21.1,7.1,0.254,0.739,0,0,0
REC01452,zone-05,23,4.06,5.8,12.8,0.533,0.315,0,1,0
REC00573,zone-02,22,0.92,71.8,216.8,0.815,0.062,2,2,1
REC00095,zone-01,23,4.27,25.1,30.9,0.953,0.02,1,0,0
REC02047,zone-07,2,0,114.5,265.4,0.798,0.147,1,4,1
REC00793,zone-03,20,9.79,164.4,119.3,0.627,0.394,2,3,1
REC01076,zone-04,10,4.62,0.7,19.4,0.23,0.678,0,0,0
REC00286,zone-01,1,5.68,26.1,1.7,0.818,0.224,1,0,0
REC01102,zone-04,2,0,140.1,249.8,0.728,0.313,1,5,1
REC01311,zone-05,0,2.66,20.9,38.4,0.619,0.246,0,0,0
REC00660,zone-03,1,5.55,9.7,13.0,0.639,0.177,0,0,0
REC01527,zone-06,4,5.48,0,19.5,0.697,0.329,0,1,0
REC01927,zone-07,10,5.15,23.7,23.9,0.17,0.812,1,2,0
REC00372,zone-02,4,2.01,94.2,163.2,0.653,0.299,2,3,1
REC00735,zone-03,1,2.23,19.3,17.0,0.377,0.501,0,2,0
REC00597,zone-02,0,2.12,91.0,209.3,0.686,0.303,2,4,1
REC01229,zone-05,21,4.13,29.1,39.6,0.722,0.201,0,0,0
REC02031,zone-07,11,4.41,2.6,4.5,0.079,0.915,0,1,0
REC01529,zone-06,20,3.31,10.4,4.8,0.68,0.403,0,0,0
REC02015,zone-07,21,5.91,134.1,162.5,0.708,0.362,1,4,1
REC02035,zone-07,6,6.38,16.6,18.1,0.111,0.857,0,1,0
REC00454,zone-02,4,4.78,18.5,28.3,0.93,0.189,0,0,0
REC02005,zone-07,10,5.0,28.7,9.7,0.228,0.737,0,0,0
REC01848,zone-07,23,1.64,147.9,266.0,0.85,0.118,3,3,1
REC01934,zone-07,4,4.22,20.0,20.3,0.809,0.119,0,0,0
REC01477,zone-05,5,4.81,11.2,20.7,0.686,0.154,0,0,0
REC00756,zone-03,4,3.66,13.1,13.9,0.59,0.261,0,1,0
REC00337,zone-02,12,5.56,8.9,36.5,0.441,0.459,0,0,0
REC01700,zone-06,19,5.85,25.1,24.2,0.46,0.575,1,0,0
REC00333,zone-02,22,3.09,18.1,0,0.7,0.133,0,0,0
REC01487,zone-05,0,8.31,15.5,16.6,0.568,0.222,0,0,0
REC00776,zone-03,21,6.27,20.9,18.0,0.754,0.134,0,0,0
REC02023,zone-07,8,0,172.8,258.8,0.183,0.831,2,3,1
REC01758,zone-06,16,2.92,23.6,1.3,0.284,0.704,0,0,0
REC01933,zone-07,3,8.02,175.6,176.7,0.656,0.37,2,4,1
REC00787,zone-03,3,4.52,31.3,7.2,0.536,0.389,1,0,0
REC00059,zone-01,7,1.93,7.0,8.7,0.517,0.383,0,2,0
REC01198,zone-04,8,4.58,7.5,9.4,0.385,0.552,0,2,0
REC01431,zone-05,20,5.07,4.8,19.6,0.582,0.492,0,0,0
REC00940,zone-04,0,5.57,20.6,24.9,0.859,0.199,0,0,0
REC00646,zone-03,4,11.77,78.2,81.9,0.62,0.128,1,4,1
REC00693,zone-03,7,3.96,18.5,25.7,0.51,0.535,0,0,0
REC01095,zone-04,22,3.92,9.4,6.6,0.691,0.224,1,0,0
REC00671,zone-03,1,10.09,105.7,137.1,0.645,0.335,1,2,1
REC00222,zone-01,0,6.03,5.7,19.5,0.902,0.204,0,0,0
REC02010,zone-07,14,3.79,16.3,7.3,0.133,0.876,0,0,0
REC00816,zone-03,21,9.5,83.7,222.9,0.753,0.277,1,2,1
REC00506,zone-02,22,3.9,6.5,20.8,1.0,0.02,0,1,0
REC00701,zone-03,1,4.63,17.4,30.1,0.593,0.25,0,1,0
REC00678,zone-03,7,4.8,18.2,12.4,0.267,0.762,0,2,0
REC00227,zone-01,5,7.58,82.1,272.3,0.759,0.02,1,3,1
REC00631,zone-03,5,4.29,17.6,30.3,0.654,0.212,0,0,0
REC01575,zone-06,1,4.48,9.7,47.5,0.642,0.243,0,0,0
REC01564,zone-06,23,0,98.2,249.2,1.0,0.042,2,2,1
REC01845,zone-07,15,3.42,20.8,8.8,0.037,0.955,0,0,0
REC02030,zone-07,0,3.68,25.9,3.0,0.52,0.321,0,2,0
REC02053,zone-07,5,0,186.5,164.5,0.735,0.249,1,2,1
REC00010,zone-01,20,3.5,15.4,20.8,0.696,0.163,0,1,0
REC01050,zone-04,19,5.28,20.7,0,0.478,0.342,0,0,0
REC01911,zone-07,20,5.18,0.4,17.3,0.221,0.782,0,0,0
REC00436,zone-02,0,4.2,24.3,9.4,0.731,0.048,0,0,0
REC00357,zone-02,5,9.72,127.9,199.1,1.0,0.025,2,2,1
REC01525,zone-06,6,5.16,26.5,28.9,0.486,0.544,1,0,0
REC01681,zone-06,1,5.16,25.4,17.2,0.519,0.29,0,2,0
REC01479,zone-05,12,5.15,19.0,23.8,0.367,0.648,0,0,0
REC01743,zone-06,21,4.04,8.4,0,0.717,0.254,0,0,0
REC01384,zone-05,3,3.95,13.6,23.3,0.476,0.416,0,0,0
REC00578,zone-02,1,3.61,15.7,9.1,0.842,0.091,0,0,0
REC01089,zone-04,23,4.11,21.9,42.4,0.625,0.413,0,0,0
REC00019,zone-01,23,6.42,0,34.0,0.869,0.04,1,0,0
REC01962,zone-07,19,3.6,14.2,39.1,0.122,0.887,0,0,0
REC00370,zone-02,7,4.81,22.7,22.8,0.421,0.428,1,0,0
REC01022,zone-04,1,0.2,160.7,251.1,0.812,0.225,1,5,1
REC01480,zone-05,21,3.45,27.5,23.6,0.646,0.157,1,1,0
REC01580,zone-06,5,4.64,16.0,20.7,0.72,0.306,0,2,0
REC00552,zone-02,18,5.4,17.7,14.1,0.523,0.455,0,0,0
REC00606,zone-03,2,0.3,201.9,143.5,0.81,0.111,1,3,1
REC00815,zone-03,20,7.08,15.3,18.4,0.466,0.519,0,0,0
REC01578,zone-06,23,3.12,7.6,7.6,0.721,0.117,0,0,0
REC01312,zone-05,11,4.41,16.7,9.0,0.573,0.413,0,0,0
REC00330,zone-02,4,0.69,121.9,170.7,1.0,0.039,3,4,1
REC01258,zone-05,23,3.97,10.0,25.0,0.614,0.243,0,1,0
REC01262,zone-05,2,11.12,112.1,257.4,0.582,0.422,3,4,1
REC00817,zone-03,10,3.98,23.3,21.9,0.462,0.584,0,0,0
REC00981,zone-04,11,0,107.5,158.7,0.476,0.338,3,5,1
REC00399,zone-02,5,9.59,176.1,94.7,0.703,0.13,1,4,1
REC00575,zone-02,23,0,141.7,154.9,1.0,0.057,2,5,1
REC01703,zone-06,1,3.83,7.3,17.2,0.743,0.092,1,1,0
REC00042,zone-01,18,4.11,7.0,16.7,0.762,0.138,0,0,0
REC01301,zone-05,9,3.34,9.2,35.3,0.307,0.614,0,0,0
REC00451,zone-02,23,4.54,5.6,20.2,0.463,0.344,0,0,0
REC00733,zone-03,4,4.02,13.8,12.3,0.771,0.093,1,0,0
REC01667,zone-06,4,3.94,16.1,20.4,0.798,0.24,0,0,0
REC01764,zone-06,6,5.53,15.9,20.5,0.474,0.553,0,0,0
REC01664,zone-06,16,4.27,11.1,31.0,0.369,0.488,0,0,0
REC01204,zone-05,11,7.55,71.3,228.3,0.544,0.38,1,4,1
REC01871,zone-07,0,2.97,5.9,2.2,0.512,0.433,0,0,0
REC00142,zone-01,14,4.17,20.9,13.7,0.897,0.086,1,0,0
REC01148,zone-04,6,3.56,19.6,43.7,0.654,0.334,0,0,0
REC01360,zone-05,4,5.37,2.8,31.2,0.537,0.289,0,2,0
REC00857,zone-03,22,3.61,16.7,18.3,0.441,0.371,0,1,0
REC00457,zone-02,3,5.01,11.6,19.1,0.814,0.286,0,0,0
REC00191,zone-01,4,6.37,178.9,254.9,0.952,0.072,3,3,1
REC00849,zone-03,23,6.12,161.3,278.5,0.665,0.211,3,5,1
REC01474,zone-05,9,2.1,171.4,160.9,0.218,0.701,3,2,1
REC00295,zone-01,8,5.41,7.4,8.9,0.775,0.17,0,2,0
REC00652,zone-03,1,0,114.3,116.2,0.638,0.153,2,2,1
REC00818,zone-03,22,6.01,18.7,24.7,1.0,0.033,0,0,0
REC01720,zone-06,5,4.53,12.3,1.0,0.69,0.025,0,0,0
REC00089,zone-01,16,4.83,29.2,13.0,0.863,0.24,0,0,0
REC00910,zone-04,10,3.41,24.0,9.5,0.563,0.26,0,0,0
REC00761,zone-03,4,7.81,83.7,112.2,0.582,0.385,2,2,1
REC00560,zone-02,6,4.77,7.5,12.5,0.638,0.36,1,0,0
REC01635,zone-06,0,5.95,5.7,23.6,0.929,0.02,0,0,0
REC00479,zone-02,1,6.64,62.8,227.4,0.66,0.282,2,3,1
REC01701,zone-06,0,3.96,19.7,17.7,0.635,0.173,0,1,0
REC00942,zone-04,20,4.75,3.4,3.4,0.456,0.556,0,2,0
REC00861,zone-03,21,5.32,16.2,20.3,0.536,0.277,0,0,0
REC01517,zone-06,6,5.02,22.8,38.9,0.484,0.46,1,0,0
REC01809,zone-07,19,5.29,14.1,18.3,0.021,0.975,0,1,0
REC00100,zone-01,6,3.8,10.4,6.4,0.96,0.02,0,0,0
REC01808,zone-07,3,7.85,177.0,139.9,0.56,0.351,2,3,1
REC00773,zone-03,3,5.69,17.6,29.4,0.483,0.401,0,2,0
REC00031,zone-01,5,4.4,14.1,22.5,1.0,0.02,1,0,0
REC00879,zone-03,18,4.76,21.3,13.4,0.406,0.483,1,2,0
REC01113,zone-04,0,5.82,17.9,23.1,0.596,0.398,1,0,0
REC01863,zone-07,6,5.38,21.3,23.5,0.044,0.951,0,0,0
REC01065,zone-04,22,1.25,71.0,106.1,0.718,0.08,1,3,1
REC00314,zone-02,1,2.64,22.5,33.2,0.5,0.29,0,1,0
REC01773,zone-06,22,3.48,16.2,42.6,0.843,0.223,0,1,0
REC00611,zone-03,12,3.85,28.6,20.5,0.567,0.507,0,2,0
REC01413,zone-05,17,4.74,15.0,0,0.371,0.538,0,1,0
REC00101,zone-01,0,3.52,126.3,157.6,1.0,0.03,2,2,1
REC01306,zone-05,22,4.43,13.5,0,0.829,0.24,0,1,0
REC01161,zone-04,19,4.3,19.0,10.6,0.47,0.467,1,0,0
REC00881,zone-03,3,5.03,26.2,37.0,0.68,0.251,0,1,0
REC01235,zone-05,6,3.77,4.4,10.5,0.212,0.706,0,1,0
REC02038,zone-07,22,4.04,23.2,36.8,0.608,0.356,1,1,0
REC00002,zone-01,0,5.78,18.7,36.5,0.649,0.088,0,0,0
REC01520,zone-06,14,6.55,22.7,14.8,0.427,0.393,1,0,0
REC00383,zone-02,8,5.41,27.0,21.0,0.459,0.455,0,0,0
REC00570,zone-02,9,4.07,17.8,21.5,0.518,0.305,0,2,0
REC01116,zone-04,4,2.13,149.7,148.5,0.579,0.188,2,4,1
REC00043,zone-01,13,2.46,14.4,20.9,0.97,0.071,0,1,0
REC01430,zone-05,22,5.06,6.2,29.1,0.786,0.18,1,0,0
REC00627,zone-03,2,1.79,21.8,7.7,0.795,0.129,0,0,0
REC01172,zone-04,2,0,134.8,244.0,0.597,0.47,1,5,1
REC01214,zone-05,3,8.02,178.0,82.3,1.0,0.034,1,4,1
REC00763,zone-03,2,8.72,194.0,196.7,0.711,0.341,2,2,1
REC01010,zone-04,23,3.13,12.1,30.9,0.67,0.351,0,0,0
REC01546,zone-06,20,4.66,30.1,22.4,0.39,0.628,0,0,0
REC01800,zone-06,7,4.1,6.2,13.4,0.237,0.685,0,0,0
REC01132,zone-04,9,4.82,0,6.9,0.464,0.588,0,0,0
REC00680,zone-03,0,4.15,11.6,22.3,0.748,0.233,0,0,0
REC01938,zone-07,0,10.73,187.7,246.0,0.69,0.226,3,2,1
REC00029,zone-01,0,3.52,20.2,0,1.0,0.051,0,0,0
REC01180,zone-04,2,0,141.9,111.4,0.424,0.459,3,4,1
REC01222,zone-05,2,3.49,7.7,27.8,0.615,0.21,0,0,0
REC00825,zone-03,3,8.81,178.4,218.8,0.541,0.317,1,3,1
REC01786,zone-06,23,4.43,16.9,33.1,0.844,0.203,0,1,0
REC00491,zone-02,23,5.14,9.4,14.1,0.891,0.12,0,0,0
REC00514,zone-02,0,4.01,12.8,17.1,0.809,0.164,0,0,0
REC00911,zone-04,23,0,175.8,167.2,0.571,0.277,1,2,1
REC01472,zone-05,21,9.01,102.1,173.9,0.718,0.259,1,3,1
REC01486,zone-05,13,3.79,12.1,0.3,0.53,0.275,1,0,0
REC01271,zone-05,22,4.91,18.4,12.7,0.763,0.163,0,0,0
REC01354,zone-05,2,5.44,16.8,12.0,0.777,0.02,0,0,0
REC01547,zone-06,21,3.56,12.1,21.8,0.484,0.498,0,0,0
REC00200,zone-01,20,4.66,7.5,20.7,0.867,0.244,1,0,0
REC01846,zone-07,19,8.33,159.6,223.6,0.348,0.674,3,4,1
REC01368,zone-05,6,5.95,16.6,17.4,0.595,0.428,0,0,0
REC01627,zone-06,8,0,138.7,152.2,0.367,0.636,1,3,1
REC01199,zone-04,4,0,132.4,152.4,0.767,0.28,1,4,1
REC01144,zone-04,4,0,122.0,221.3,0.925,0.02,2,3,1
REC02059,zone-07,17,5.81,15.8,11.9,0.153,0.865,0,0,0
REC02054,zone-07,0,2.75,11.0,0.9,0.433,0.564,1,2,0
REC01380,zone-05,14,4.48,10.8,30.7,0.449,0.503,0,2,0
REC01989,zone-07,18,4.4,14.3,13.9,0.014,0.98,1,0,0
REC01822,zone-07,6,4.13,16.7,10.3,0.311,0.712,0,0,0
REC01316,zone-05,0,7.07,10.1,10.0,1.0,0.02,0,2,0
REC01146,zone-04,4,5.76,86.8,232.2,0.776,0.189,3,5,1
REC01020,zone-04,8,3.88,13.2,27.2,0.384,0.506,1,0,0
REC01803,zone-07,23,7.84,176.5,84.7,0.794,0.186,3,5,1
REC02062,zone-07,3,5.55,14.9,27.5,0.63,0.309,0,1,0
REC00790,zone-03,0,8.47,111.1,114.7,0.701,0.231,2,2,1
REC01723,zone-06,6,4.43,7.8,14.6,0.363,0.652,0,0,0
REC00458,zone-02,19,5.44,5.0,12.4,0.702,0.141,1,0,0
REC01250,zone-05,10,4.95,7.6,2.7,0.472,0.47,1,0,0
REC01884,zone-07,13,6.02,13.1,44.3,0.039,0.958,0,0,0
REC01381,zone-05,21,11.56,114.7,243.6,0.724,0.18,2,3,1
REC01858,zone-07,18,2.63,14.0,22.2,0.091,0.889,0,1,0
REC01830,zone-07,22,6.65,26.5,27.1,0.733,0.074,0,0,0
REC00175,zone-01,4,4.61,15.6,24.6,0.595,0.151,0,1,0
REC02090,zone-07,15,5.62,3.6,31.7,0.072,0.91,0,0,0
REC00075,zone-01,1,9.78,164.7,115.9,0.634,0.111,1,5,1
REC01128,zone-04,0,7.22,145.7,168.3,0.681,0.245,3,4,1
REC00264,zone-01,3,0,71.4,195.8,0.556,0.22,1,4,1
REC01759,zone-06,2,0,122.6,243.1,0.582,0.396,2,4,1
REC01501,zone-06,3,8.23,165.0,261.3,0.839,0.201,2,2,1
REC01568,zone-06,10,9.13,77.8,222.6,0.387,0.636,2,3,1
REC00931,zone-04,20,5.18,6.0,10.4,0.135,0.88,0,0,0
REC00840,zone-03,22,3.42,10.7,27.5,0.443,0.518,0,0,0
REC01660,zone-06,15,3.73,8.5,15.4,0.291,0.694,0,2,0
REC00962,zone-04,4,4.58,16.8,0,0.66,0.156,1,0,0
REC01584,zone-06,13,3.76,0,31.5,0.529,0.398,0,0,0
REC00538,zone-02,8,3.54,16.4,11.7,0.741,0.116,0,0,0
REC01825,zone-07,12,4.3,5.0,2.5,0.072,0.915,0,1,0
REC00196,zone-01,0,1.24,168.4,220.0,0.802,0.133,2,2,1
REC01559,zone-06,10,4.53,21.4,9.7,0.221,0.708,0,0,0
REC01046,zone-04,19,5.74,16.3,26.1,0.45,0.559,0,0,0
REC01561,zone-06,4,0,137.4,251.6,0.496,0.465,3,2,1
REC00259,zone-01,17,7.86,7.8,27.4,0.623,0.127,0,0,0
REC01618,zone-06,6,7.38,60.9,211.5,0.282,0.696,1,3,1
REC00682,zone-03,15,0.87,182.2,254.2,0.311,0.69,1,3,1
REC01256,zone-05,3,9.35,98.6,139.2,0.465,0.34,1,3,1
REC00159,zone-01,19,5.43,16.8,10.8,1.0,0.105,0,0,0
REC01841,zone-07,12,3.8,29.3,22.7,0.097,0.903,0,0,0
REC00497,zone-02,17,4.1,24.9,11.6,0.34,0.527,1,0,0
REC01946,zone-07,2,9.79,74.0,198.9,0.751,0.345,2,2,1
REC01459,zone-05,1,5.84,19.9,22.6,0.932,0.092,0,0,0
REC00590,zone-02,23,5.01,13.7,32.1,0.676,0.151,1,0,0
REC01274,zone-05,11,5.21,16.8,12.3,0.526,0.431,0,0,0
REC00210,zone-01,9,5.26,11.4,6.0,1.0,0.034,0,0,0
REC00615,zone-03,5,4.91,17.3,16.1,0.953,0.16,1,0,0
REC00049,zone-01,23,1.8,154.3,221.6,0.772,0.081,2,2,1
REC00150,zone-01,15,8.38,46.3,131.3,0.668,0.102,1,3,1
REC00036,zone-01,16,7.59,173.3,129.0,0.778,0.023,1,4,1
REC01107,zone-04,3,5.19,8.7,9.0,0.61,0.28,0,1,0
REC00262,zone-01,19,0,114.2,268.6,0.863,0.032,2,2,1
REC00060,zone-01,3,0.45,95.1,243.7,0.76,0.023,1,2,1
REC00493,zone-02,14,3.54,11.6,25.4,0.482,0.516,0,0,0
REC01074,zone-04,22,0,92.8,224.6,0.952,0.158,2,2,1
REC00952,zone-04,20,4.43,18.3,42.1,0.52,0.392,0,1,0
REC01555,zone-06,1,8.93,56.5,160.3,0.749,0.344,1,2,1
REC01227,zone-05,5,7.03,153.6,234.1,0.689,0.355,2,5,1
REC00084,zone-01,21,5.95,6.4,17.0,0.692,0.02,0,0,0
REC01140,zone-04,5,3.26,25.6,9.9,0.581,0.454,0,0,0
REC01003,zone-04,21,2.59,8.7,9.7,0.69,0.399,0,1,0
REC00737,zone-03,9,4.01,26.7,23.1,0.356,0.65,0,0,0
REC01362,zone-05,3,3.59,0,54.6,0.828,0.087,0,1,0
REC01704,zone-06,17,4.79,0,19.6,0.32,0.665,0,0,0
REC01310,zone-05,4,4.48,19.1,23.2,0.589,0.404,0,2,0
REC00241,zone-01,23,4.26,8.1,15.2,0.959,0.118,0,1,0
REC02040,zone-07,16,5.55,19.5,21.2,0.03,0.973,0,0,0
REC02065,zone-07,22,5.63,13.7,33.6,0.407,0.512,0,0,0
REC02070,zone-07,21,5.77,7.4,10.1,0.428,0.464,0,2,0
REC00269,zone-01,4,9.25,104.5,121.3,0.87,0.218,3,4,1
REC01213,zone-05,4,4.35,4.8,20.8,0.479,0.382,0,2,0
REC01087,zone-04,4,3.72,15.1,35.5,0.644,0.156,0,0,0
REC01318,zone-05,4,4.3,12.2,29.5,0.863,0.198,0,0,0
REC02074,zone-07,2,8.53,90.8,217.4,0.508,0.415,1,4,1
REC00338,zone-02,0,0,117.5,230.3,0.707,0.291,1,3,1
REC01873,zone-07,7,3.45,9.6,29.4,0.092,0.9,1,0,0
REC00908,zone-04,8,3.18,20.5,24.8,0.472,0.562,1,0,0
REC01597,zone-06,5,4.32,17.6,0,1.0,0.033,0,1,0
REC00653,zone-03,2,12.55,71.1,237.5,0.82,0.02,2,2,1
REC00398,zone-02,3,4.55,7.6,15.5,0.659,0.256,0,1,0
REC00644,zone-03,22,3.42,6.8,38.1,0.807,0.102,0,1,0
REC01586,zone-06,23,7.39,146.2,225.8,0.715,0.138,1,2,1
REC00061,zone-01,3,0.33,79.5,144.1,0.955,0.101,2,3,1
REC01367,zone-05,11,5.42,29.1,32.0,0.448,0.573,0,0,0
REC00711,zone-03,13,5.19,9.8,22.1,0.491,0.52,1,0,0
REC01958,zone-07,23,5.69,21.4,20.0,0.645,0.319,0,0,0
REC00237,zone-01,2,9.98,55.2,106.1,0.948,0.045,2,3,1
REC01443,zone-05,23,10.34,134.7,181.3,0.673,0.387,2,4,1
REC00209,zone-01,6,4.51,8.1,4.0,0.793,0.02,0,0,0
REC01602,zone-06,2,1.39,152.1,126.3,0.666,0.258,1,3,1
REC00764,zone-03,3,4.62,10.5,10.5,1.0,0.037,0,1,0
REC00468,zone-02,17,5.81,12.8,5.8,0.472,0.479,0,2,0
REC01906,zone-07,7,4.34,12.3,34.3,0.128,0.851,0,0,0
REC02069,zone-07,1,5.23,15.3,27.4,0.52,0.407,1,0,0
REC00927,zone-04,13,5.45,12.4,20.0,0.26,0.651,0,0,0
REC00549,zone-02,20,5.03,12.8,18.8,0.523,0.4,0,1,0
REC01136,zone-04,12,2.38,11.3,14.8,0.204,0.74,0,0,0
REC01539,zone-06,4,4.69,18.4,21.2,0.732,0.158,0,0,0
REC01488,zone-05,4,2.71,6.4,30.0,0.751,0.328,1,0,0
REC01979,zone-07,15,4.64,26.5,36.4,0.144,0.848,0,0,0
REC01879,zone-07,2,9.69,60.1,263.5,0.634,0.327,1,4,1
REC00559,zone-02,18,5.21,2.9,29.3,0.775,0.321,0,0,0
REC00003,zone-01,21,0.82,100.7,136.1,0.733,0.277,1,3,1
REC00066,zone-01,16,4.2,6.3,35.4,0.761,0.03,0,1,0
REC00609,zone-03,2,4.61,6.4,20.4,0.924,0.162,1,0,0
REC01220,zone-05,0,2.69,0,31.7,0.993,0.077,0,0,0
REC01760,zone-06,2,4.3,19.3,26.2,0.819,0.209,0,0,0
REC01242,zone-05,1,5.51,16.5,13.6,0.859,0.09,0,0,0
REC00734,zone-03,19,5.3,4.6,32.1,0.475,0.464,0,0,0
REC00395,zone-02,23,4.28,27.1,16.5,0.858,0.047,0,0,0
REC01078,zone-04,4,5.18,13.2,16.2,1.0,0.02,0,0,0
REC00319,zone-02,9,3.15,22.8,0,0.567,0.261,0,0,0
REC00670,zone-03,9,4.78,9.2,7.9,0.535,0.511,1,1,0
REC00965,zone-04,6,6.73,12.2,25.9,0.416,0.506,0,0,0
REC02085,zone-07,21,4.77,22.2,8.3,0.561,0.335,0,0,0
REC01098,zone-04,22,6.49,3.7,14.6,0.723,0.213,0,0,0
REC00027,zone-01,4,3.34,19.4,15.1,0.835,0.232,0,0,0
REC01826,zone-07,3,9.51,126.3,75.3,0.576,0.345,1,2,1
REC00318,zone-02,19,7.21,2.9,17.8,0.657,0.399,0,0,0
REC02096,zone-07,4,3.67,11.8,22.9,0.635,0.339,0,0,0
REC00359,zone-02,21,10.27,133.3,171.4,0.79,0.175,3,4,1
REC00371,zone-02,19,2.97,9.5,10.0,0.948,0.113,0,0,0
REC00304,zone-02,20,5.35,6.8,25.9,0.502,0.438,0,0,0
REC01131,zone-04,11,2.73,4.2,7.9,0.385,0.526,0,0,0
REC00293,zone-01,8,0,144.8,231.4,1.0,0.045,1,3,1
REC00470,zone-02,22,0,129.7,111.2,0.737,0.106,2,3,1
REC00287,zone-01,13,4.61,6.1,7.7,0.813,0.077,0,0,0
REC01921,zone-07,21,7.83,92.3,212.6,0.877,0.211,2,5,1
REC01351,zone-05,0,5.1,29.6,9.2,0.825,0.123,0,0,0
REC01624,zone-06,22,10.29,143.8,218.8,0.642,0.258,1,5,1
REC00720,zone-03,1,6.07,19.2,36.7,0.835,0.02,0,1,0
REC01955,zone-07,9,4.95,19.7,23.5,0.079,0.902,0,0,0
REC01716,zone-06,1,7.81,183.3,226.2,1.0,0.082,2,3,1
REC01475,zone-05,4,1.38,140.6,251.4,0.781,0.287,2,3,1
REC01950,zone-07,23,4.2,12.0,27.5,0.535,0.316,0,0,0
REC00394,zone-02,1,1.59,143.5,249.0,1.0,0.103,1,3,1
REC00346,zone-02,4,10.76,164.6,146.9,0.614,0.315,2,2,1
REC00835,zone-03,1,6.69,134.8,271.8,0.729,0.244,1,2,1
REC00967,zone-04,10,5.8,22.7,10.5,0.266,0.629,0,0,0
REC00016,zone-01,13,4.83,16.3,25.0,1.0,0.02,0,0,0
REC00289,zone-01,21,1.79,10.9,38.8,0.787,0.02,0,0,0
REC01099,zone-04,0,5.68,19.0,26.1,1.0,0.106,0,0,0
REC01893,zone-07,15,6.48,18.9,30.9,0.023,0.972,0,0,0
REC00996,zone-04,8,6.17,27.1,31.7,0.397,0.653,0,0,0
REC02027,zone-07,21,7.83,132.6,127.6,0.544,0.408,3,3,1
REC01556,zone-06,19,4.58,23.9,26.8,0.445,0.432,0,0,0
REC01648,zone-06,0,7.13,29.5,30.4,0.619,0.381,0,0,0
REC02043,zone-07,9,5.86,21.7,0,0.157,0.787,0,0,0
REC01377,zone-05,1,10.95,138.7,274.1,0.745,0.332,3,5,1
REC01918,zone-07,0,0,72.1,184.2,0.534,0.459,2,4,1
REC01228,zone-05,23,0,79.4,73.4,0.82,0.263,1,2,1
REC01109,zone-04,22,4.4,14.6,36.8,0.805,0.253,0,0,0
REC00838,zone-03,23,0,122.3,112.1,0.936,0.02,1,2,1
REC00844,zone-03,6,4.9,18.1,39.2,0.339,0.651,0,0,0
REC01665,zone-06,23,0,146.4,161.3,0.892,0.148,1,2,1
REC01741,zone-06,6,4.36,17.6,22.2,0.298,0.656,0,0,0
REC00008,zone-01,12,0.44,71.9,115.4,0.953,0.137,2,3,1
REC01714,zone-06,3,4.74,13.0,25.1,0.723,0.02,0,0,0
REC00211,zone-01,11,4.15,10.9,10.6,0.924,0.117,0,0,0
REC01655,zone-06,21,9.27,100.3,197.1,0.785,0.206,2,3,1
REC01747,zone-06,2,0,164.9,165.8,0.621,0.178,1,3,1
REC00912,zone-04,6,4.28,0.8,13.6,0.247,0.771,0,1,0
REC01049,zone-04,8,5.77,22.4,10.0,0.688,0.392,0,0,0
REC01435,zone-05,4,5.61,26.1,5.5,0.543,0.372,0,1,0
REC01915,zone-07,19,5.6,9.2,15.6,0.338,0.63,0,0,0
REC00083,zone-01,4,6.37,30.5,15.0,0.541,0.291,0,2,0
REC00534,zone-02,21,6.59,104.0,97.6,0.653,0.246,3,2,1
REC00369,zone-02,20,10.22,59.0,77.3,0.555,0.402,1,5,1
REC00863,zone-03,16,0,140.7,181.3,0.47,0.564,2,2,1
REC01328,zone-05,20,5.78,17.9,37.3,0.285,0.608,0,0,0
REC01043,zone-04,18,5.34,10.5,23.8,0.285,0.679,0,0,0
REC00775,zone-03,15,6.05,12.7,4.9,0.467,0.529,0,0,0
REC01677,zone-06,20,2.67,16.3,26.1,0.495,0.525,1,0,0
REC00011,zone-01,20,0,128.6,89.3,0.89,0.093,1,5,1
REC00456,zone-02,20,4.16,26.4,36.5,0.571,0.374,0,0,0
REC01839,zone-07,22,5.32,13.3,5.1,0.437,0.381,0,0,0
REC00563,zone-02,11,4.42,2.5,19.5,0.475,0.404,0,0,0
REC01340,zone-05,2,5.09,14.9,41.7,0.731,0.3,0,0,0
REC00603,zone-03,22,5.72,19.3,20.4,0.819,0.096,0,0,0
REC00170,zone-01,20,7.29,162.7,256.6,0.771,0.248,3,4,1
REC00088,zone-01,4,3.78,15.7,31.3,0.874,0.029,1,0,0
REC01912,zone-07,2,4.76,25.7,33.3,0.809,0.157,0,0,0
REC02083,zone-07,18,5.96,18.8,16.7,0.245,0.756,0,0,0
REC01860,zone-07,14,4.9,23.5,39.7,0.286,0.666,0,1,0
REC00017,zone-01,19,4.68,74.7,174.2,0.729,0.02,3,2,1
REC02088,zone-07,1,9.72,96.1,206.1,0.59,0.293,2,3,1
REC00531,zone-02,0,5.68,2.2,12.3,0.993,0.024,0,0,0
REC00054,zone-01,9,4.03,12.6,10.4,0.669,0.164,0,0,0
REC00752,zone-03,9,3.55,0,7.5,0.336,0.58,0,0,0
REC00830,zone-03,21,2.47,23.6,0,0.84,0.115,0,1,0
REC00741,zone-03,2,0,78.0,266.7,0.694,0.245,3,3,1
REC01339,zone-05,17,0.33,146.6,183.8,0.641,0.395,2,2,1
REC01558,zone-06,1,9.95,116.7,225.6,0.691,0.398,1,3,1
REC00273,zone-01,22,10.67,162.4,80.6,0.77,0.22,2,3,1
REC01968,zone-07,2,3.88,14.9,22.4,0.465,0.489,1,1,0
REC00799,zone-03,3,0.03,170.6,131.6,0.73,0.02,1,4,1
REC01941,zone-07,9,3.28,16.7,22.9,0.022,0.98,0,0,0
REC00934,zone-04,0,2.81,11.1,22.9,0.681,0.238,0,1,0
REC01909,zone-07,16,7.55,145.3,239.4,0.156,0.805,3,3,1
REC01484,zone-05,2,0,180.1,192.9,0.754,0.324,2,2,1
REC01307,zone-05,9,3.84,17.9,0,0.55,0.42,1,0,0
REC02066,zone-07,21,9.23,170.5,132.3,0.559,0.38,1,5,1
REC00378,zone-02,12,5.36,10.5,16.6,0.483,0.395,0,2,0
REC00299,zone-01,3,4.08,10.5,7.4,1.0,0.02,0,1,0
REC00607,zone-03,22,6.56,6.5,18.6,0.893,0.201,0,1,0
REC01034,zone-04,3,0,182.9,196.0,0.68,0.255,1,3,1
REC01594,zone-06,18,5.88,13.4,16.2,0.355,0.635,1,0,0
REC00746,zone-03,2,3.17,10.4,0,0.804,0.026,0,0,0
REC00749,zone-03,19,2.86,14.6,17.0,0.297,0.718,0,0,0
REC00427,zone-02,18,3.24,6.8,29.5,0.505,0.36,0,2,0
REC00824,zone-03,11,4.56,26.0,29.5,0.481,0.401,0,1,0
REC01813,zone-07,1,4.7,10.2,12.1,0.546,0.3,0,0,0
REC00713,zone-03,22,10.34,171.0,129.0,0.964,0.088,2,3,1
REC00925,zone-04,13,3.74,27.5,14.9,0.381,0.622,0,0,0
REC00887,zone-03,7,10.8,57.7,155.5,0.352,0.523,3,2,1
REC00698,zone-03,22,1.77,59.8,169.8,0.69,0.136,1,3,1
REC01497,zone-05,8,5.67,12.5,23.5,0.278,0.742,0,0,0
REC01436,zone-05,3,5.46,21.1,17.6,0.706,0.02,0,0,0
REC01288,zone-05,3,7.19,114.9,217.1,0.768,0.289,1,2,1
REC01211,zone-05,4,3.79,12.1,32.7,0.784,0.189,0,0,0
REC00218,zone-01,3,3.48,6.0,10.6,0.834,0.156,0,0,0
REC00757,zone-03,21,4.71,12.6,11.1,0.627,0.323,0,0,0
REC00063,zone-01,21,4.38,19.5,5.8,1.0,0.039,0,0,0
REC00120,zone-01,19,4.21,16.2,11.4,0.715,0.312,0,2,0
REC00453,zone-02,21,5.18,12.4,25.5,0.609,0.16,0,0,0
REC01225,zone-05,11,9.52,203.1,200.3,0.44,0.585,2,3,1
REC01168,zone-04,22,9.46,162.8,185.8,0.902,0.194,2,2,1
REC01038,zone-04,12,5.45,12.2,39.4,0.65,0.374,1,0,0
REC00579,zone-02,9,2.92,8.6,17.8,0.57,0.471,0,2,0
REC01239,zone-05,22,0,118.2,296.8,0.789,0.15,1,2,1
REC00800,zone-03,19,3.71,13.3,35.7,0.475,0.411,0,0,0
REC00873,zone-03,11,4.82,10.4,23.3,0.53,0.502,0,0,0
REC00736,zone-03,20,5.91,13.1,23.0,0.551,0.441,0,0,0
REC01077,zone-04,15,7.72,195.9,208.4,0.529,0.535,2,3,1
REC02079,zone-07,1,4.94,20.3,23.4,0.479,0.354,0,0,0
REC00566,zone-02,2,4.49,4.1,26.7,0.538,0.28,0,0,0
REC01257,zone-05,20,7.03,13.6,19.4,0.264,0.697,0,0,0
REC01444,zone-05,18,5.38,9.1,12.1,0.44,0.529,0,1,0
REC01224,zone-05,8,2.31,24.2,23.8,0.344,0.556,1,0,0
REC01112,zone-04,3,4.47,6.9,10.4,0.511,0.444,0,1,0
REC01196,zone-04,22,6.59,19.2,28.5,0.765,0.124,0,0,0
REC00956,zone-04,14,4.86,16.9,14.5,0.544,0.431,0,1,0
REC01450,zone-05,0,1.0,140.0,98.9,0.797,0.253,2,2,1
REC00134,zone-01,12,3.48,5.6,34.7,1.0,0.02,0,0,0
REC01657,zone-06,0,4.28,7.5,34.8,0.671,0.24,0,0,0
REC01476,zone-05,22,3.69,14.0,24.1,0.94,0.147,0,0,0
REC00997,zone-04,4,8.1,98.0,176.7,0.697,0.251,1,3,1
REC01999,zone-07,14,4.13,11.6,10.5,0.281,0.601,0,0,0
REC00745,zone-03,5,4.86,22.1,27.8,0.573,0.325,0,1,0
REC01297,zone-05,23,1.36,175.0,245.8,1.0,0.069,1,4,1
REC00285,zone-01,0,3.11,18.5,24.4,1.0,0.02,0,0,0
REC00005,zone-01,7,3.93,9.0,3.6,0.7,0.186,0,0,0
REC01865,zone-07,20,4.83,18.2,31.1,0.022,0.98,0,0,0
REC01986,zone-07,11,4.53,6.4,4.4,0.12,0.867,1,0,0
REC01515,zone-06,14,4.59,9.2,7.0,0.328,0.539,0,0,0
REC01018,zone-04,14,5.07,4.8,9.4,0.345,0.587,0,2,0
REC01985,zone-07,15,5.05,16.4,41.8,0.017,0.98,0,0,0
REC01552,zone-06,8,4.45,9.3,12.5,0.252,0.726,0,0,0
REC00360,zone-02,22,7.08,168.5,251.9,1.0,0.109,1,4,1
REC00662,zone-03,9,3.42,23.3,25.0,0.337,0.552,0,0,0
REC00343,zone-02,21,6.49,14.5,7.2,0.874,0.202,0,0,0
REC00691,zone-03,3,5.15,27.1,33.4,0.617,0.245,0,0,0
REC00706,zone-03,21,0,65.1,272.9,0.854,0.153,1,4,1
REC01668,zone-06,5,1.98,177.7,144.3,0.483,0.397,1,3,1
REC00519,zone-02,20,4.31,11.5,11.9,0.766,0.268,0,1,0
REC01123,zone-04,0,1.01,81.6,264.1,0.782,0.05,3,3,1
REC00833,zone-03,2,6.92,23.9,27.9,0.564,0.302,0,2,0
REC00137,zone-01,7,5.37,11.9,30.0,0.751,0.305,0,0,0
REC00796,zone-03,18,0,105.1,187.9,0.603,0.474,1,2,1
REC00380,zone-02,1,5.8,30.8,21.0,0.549,0.404,1,1,0
REC01356,zone-05,1,6.06,25.7,28.9,0.67,0.321,0,1,0
REC00888,zone-03,2,2.61,56.2,129.9,0.717,0.263,1,2,1
REC01359,zone-05,4,9.88,116.2,204.2,0.702,0.194,1,4,1
REC01223,zone-05,20,4.55,5.1,26.8,0.517,0.4,1,0,0
REC00842,zone-03,0,9.94,83.0,231.5,0.78,0.261,2,3,1
REC00106,zone-01,4,6.11,23.4,15.7,0.762,0.02,0,0,0
REC00679,zone-03,21,0,100.9,241.5,0.636,0.132,2,4,1
REC00447,zone-02,6,0.38,109.7,102.3,0.634,0.32,2,5,1
REC00688,zone-03,16,3.34,1.4,22.5,0.396,0.503,0,1,0
REC00169,zone-01,10,5.35,19.5,28.2,0.546,0.303,0,0,0
REC00487,zone-02,19,3.65,13.1,18.6,0.751,0.328,0,0,0
REC01995,zone-07,4,5.05,9.1,38.3,0.475,0.574,0,2,0
REC00156,zone-01,22,3.21,18.5,26.2,0.585,0.197,0,0,0
REC00099,zone-01,22,0,126.6,114.5,0.951,0.02,1,2,1
REC01797,zone-06,22,4.5,28.2,23.0,0.792,0.125,0,0,0
REC00582,zone-02,15,5.04,27.4,22.2,0.66,0.155,1,0,0
REC00714,zone-03,23,6.72,10.4,12.8,0.629,0.236,1,0,0
REC01969,zone-07,21,4.6,0,6.6,0.91,0.198,0,0,0
REC00311,zone-02,21,1.82,115.2,114.2,0.534,0.291,2,5,1
REC01314,zone-05,5,10.63,167.3,101.4,0.878,0.156,3,2,1
REC00511,zone-02,4,6.0,17.8,37.0,0.847,0.04,0,2,0
REC00347,zone-02,22,8.4,188.7,137.4,0.62,0.375,2,5,1
REC00587,zone-02,16,10.6,165.1,257.0,0.489,0.535,1,4,1
REC01183,zone-04,16,5.32,15.1,21.4,0.369,0.568,1,0,0
REC01902,zone-07,22,3.35,17.7,4.2,0.666,0.342,0,2,0
REC00251,zone-01,22,3.56,7.6,23.1,0.683,0.075,0,1,0
REC00777,zone-03,6,1.09,70.5,249.2,0.527,0.525,1,4,1
REC01992,zone-07,0,4.18,15.6,39.8,0.529,0.325,0,0,0
REC00228,zone-01,23,0,82.4,122.8,1.0,0.02,1,2,1
REC01259,zone-05,4,4.53,25.0,2.1,0.538,0.399,0,0,0
REC00618,zone-03,20,3.09,12.9,21.5,0.347,0.612,0,0,0
REC01023,zone-04,2,8.7,95.4,162.9,0.712,0.231,1,4,1
REC01305,zone-05,3,6.51,17.5,20.1,0.598,0.259,0,1,0
REC00077,zone-01,22,7.12,102.8,185.0,0.873,0.029,1,3,1
REC01917,zone-07,13,6.09,4.0,18.4,0.077,0.901,0,1,0
REC01616,zone-06,0,4.39,16.4,8.2,0.747,0.314,0,0,0
REC01135,zone-04,0,4.98,14.2,19.8,0.942,0.169,0,0,0
REC00490,zone-02,14,3.72,0,27.4,0.372,0.472,0,0,0
REC00147,zone-01,9,5.09,15.6,35.9,0.678,0.251,0,0,0
REC01240,zone-05,0,3.82,9.6,16.8,0.674,0.239,0,0,0
REC00385,zone-02,20,5.33,0,5.5,0.659,0.27,0,1,0
REC00878,zone-03,4,1.18,46.8,88.5,0.883,0.129,1,3,1
REC01762,zone-06,1,4.88,17.1,33.0,0.6,0.211,0,1,0
REC00604,zone-03,19,2.77,17.3,22.4,0.408,0.499,0,0,0
REC00780,zone-03,8,9.59,92.2,200.8,0.408,0.562,2,2,1
REC01006,zone-04,0,2.68,10.6,0,0.555,0.341,0,2,0
REC00755,zone-03,20,2.05,9.5,6.3,0.279,0.632,0,0,0
REC01045,zone-04,23,4.71,7.6,29.2,0.653,0.381,0,1,0
REC01740,zone-06,17,4.28,10.9,37.1,0.5,0.481,0,1,0
REC02041,zone-07,0,2.6,12.4,28.8,0.815,0.285,0,0,0
REC00894,zone-03,19,4.45,14.1,21.5,0.329,0.642,0,1,0
REC00437,zone-02,14,3.94,27.2,46.1,0.575,0.289,1,0,0
REC01245,zone-05,10,5.74,15.5,34.5,0.644,0.347,0,0,0
REC01583,zone-06,23,8.81,112.9,90.6,0.954,0.134,1,5,1
REC00154,zone-01,13,3.07,7.3,7.9,0.682,0.122,0,0,0
REC01428,zone-05,21,0.48,88.9,273.5,0.815,0.173,3,5,1
REC00993,zone-04,0,9.17,92.5,195.5,0.728,0.151,2,2,1
REC01861,zone-07,20,6.62,23.5,4.6,0.15,0.836,0,1,0
REC00280,zone-01,8,5.36,15.2,2.2,0.608,0.164,0,0,0
REC00650,zone-03,1,7.05,143.1,164.6,0.615,0.166,1,3,1
REC00613,zone-03,23,4.43,4.1,0,0.899,0.209,0,1,0
REC01295,zone-05,21,5.75,21.8,5.4,1.0,0.02,0,0,0
REC01744,zone-06,14,4.68,20.2,21.5,0.339,0.635,0,0,0
REC00941,zone-04,5,0,158.2,145.5,0.55,0.298,3,2,1
REC02029,zone-07,23,3.77,5.3,11.5,0.904,0.178,0,0,0
REC01722,zone-06,20,2.21,8.2,11.8,0.451,0.531,0,0,0
REC00272,zone-01,21,6.08,153.3,145.1,0.719,0.08,3,2,1
REC00245,zone-01,19,4.19,6.9,25.3,0.61,0.174,0,0,0
REC00189,zone-01,20,5.17,30.3,26.8,0.744,0.115,0,0,0
REC00593,zone-02,17,5.58,9.7,0,0.644,0.348,0,0,0
REC00181,zone-01,11,2.6,20.8,19.6,0.644,0.156,1,0,0
REC01342,zone-05,1,4.01,17.3,31.9,0.775,0.289,1,0,0
REC01645,zone-06,8,5.14,20.1,35.0,0.373,0.491,0,0,0
REC01138,zone-04,0,0.26,92.0,91.0,0.718,0.365,1,2,1
REC01067,zone-04,2,5.86,6.0,18.6,0.578,0.317,0,0,0
REC01982,zone-07,0,6.76,100.5,197.4,0.522,0.313,3,2,1
REC00009,zone-01,5,3.8,0,10.6,0.797,0.02,0,0,0
REC01777,zone-06,21,5.16,176.6,248.5,0.437,0.442,1,2,1
REC01371,zone-05,1,0,80.7,233.7,0.926,0.077,1,4,1
REC00951,zone-04,15,4.78,16.5,18.6,0.482,0.569,0,1,0
REC01856,zone-07,6,4.8,17.0,34.4,0.201,0.793,0,1,0
REC00622,zone-03,15,7.36,17.0,27.1,0.524,0.52,0,0,0
REC00278,zone-01,11,0.19,139.8,203.5,0.672,0.096,1,2,1
REC00034,zone-01,19,5.4,9.5,25.8,0.779,0.118,0,0,0
REC01674,zone-06,22,4.12,19.5,18.2,0.902,0.132,0,0,0
REC01736,zone-06,9,4.63,12.2,10.2,0.536,0.432,0,0,0
REC00634,zone-03,1,2.17,76.5,227.9,0.543,0.271,1,5,1
REC01397,zone-05,22,5.88,27.3,33.1,0.796,0.252,1,1,0
REC01194,zone-04,22,2.73,13.6,30.8,0.87,0.048,0,0,0
REC00201,zone-01,17,5.28,14.2,15.2,0.749,0.293,0,1,0
REC01445,zone-05,23,2.1,26.4,7.4,0.786,0.117,0,0,0
REC01603,zone-06,0,5.23,18.3,10.2,0.787,0.218,0,0,0
REC00277,zone-01,16,3.77,4.4,48.4,0.688,0.05,0,0,0
REC01796,zone-06,6,4.65,26.9,17.8,0.631,0.424,0,0,0
REC00417,zone-02,5,10.68,183.9,191.1,1.0,0.02,3,4,1
REC00238,zone-01,5,4.28,14.4,25.0,0.639,0.162,0,0,0
REC01015,zone-04,4,4.09,20.2,32.9,0.617,0.283,0,0,0
REC02081,zone-07,4,5.56,7.7,6.4,0.524,0.276,0,1,0
REC00177,zone-01,23,6.14,21.8,14.2,0.884,0.02,0,2,0
REC01810,zone-07,18,4.99,0,28.9,0.09,0.888,0,0,0
REC01438,zone-05,5,5.82,15.9,7.9,0.728,0.234,1,2,0
REC01752,zone-06,22,2.95,5.5,25.8,0.84,0.127,1,1,0
REC00203,zone-01,7,4.12,12.9,24.2,0.688,0.034,0,0,0
REC00985,zone-04,6,5.49,18.5,52.2,0.416,0.445,0,0,0
REC01613,zone-06,1,3.72,12.2,0,0.857,0.132,0,0,0
REC00664,zone-03,11,5.22,24.9,16.3,0.458,0.594,0,1,0
REC00164,zone-01,4,2.59,6.2,13.3,0.725,0.02,0,2,0
REC00121,zone-01,22,6.06,2.2,27.5,0.84,0.122,0,0,0
REC00783,zone-03,6,4.4,0,16.0,0.59,0.356,1,0,0
REC01114,zone-04,19,3.27,26.2,24.3,0.64,0.375,0,0,0
REC01886,zone-07,1,6.6,0,29.6,0.599,0.358,0,0,0
REC02033,zone-07,16,5.46,27.2,19.2,0.021,0.98,0,0,0
REC00205,zone-01,4,0,99.8,184.0,1.0,0.083,3,3,1
REC01212,zone-05,21,4.74,22.6,0,0.547,0.225,0,2,0
REC01901,zone-07,21,5.72,3.6,24.0,0.463,0.489,0,0,0
REC01924,zone-07,3,3.55,18.3,0,0.405,0.509,0,1,0
REC01715,zone-06,21,0.31,159.5,122.3,0.657,0.121,1,4,1
REC00995,zone-04,13,3.52,9.6,14.7,0.46,0.561,0,1,0
REC00197,zone-01,22,0,152.0,149.4,0.925,0.021,1,2,1
REC01375,zone-05,14,4.44,8.2,28.6,0.552,0.348,0,0,0
REC01159,zone-04,18,6.08,8.9,20.5,0.525,0.35,1,0,0
REC00980,zone-04,5,0.67,93.5,75.9,0.713,0.242,3,4,1
REC01425,zone-05,6,5.92,21.0,23.0,0.31,0.616,0,1,0
REC00126,zone-01,4,0,92.0,81.8,0.867,0.18,1,3,1
REC00872,zone-03,21,5.22,14.8,32.3,1.0,0.02,0,1,0
REC00153,zone-01,13,2.81,23.9,22.3,0.802,0.206,1,1,0
REC00405,zone-02,3,4.58,8.1,13.9,0.93,0.121,0,2,0
REC00654,zone-03,5,3.67,0,9.7,0.665,0.306,0,0,0
REC02060,zone-07,12,3.74,20.7,19.8,0.02,0.98,0,0,0
REC00123,zone-01,10,4.82,5.9,24.5,0.629,0.186,0,0,0
REC00320,zone-02,10,4.75,15.1,9.4,0.61,0.212,0,0,0
REC01819,zone-07,21,8.57,81.3,132.7,0.295,0.648,1,4,1
REC00535,zone-02,2,4.9,20.6,48.4,0.62,0.192,0,0,0
REC01134,zone-04,3,4.36,15.1,5.4,0.521,0.389,0,0,0
REC00620,zone-03,2,1.92,106.2,166.8,0.647,0.4,2,4,1
REC00675,zone-03,7,3.9,32.9,29.1,0.327,0.709,0,2,0
REC01914,zone-07,9,4.78,1.1,23.8,0.242,0.773,1,0,0
REC01522,zone-06,5,4.28,5.6,17.0,0.723,0.36,0,0,0
REC01834,zone-07,0,0,72.2,248.0,0.709,0.285,1,3,1
REC01028,zone-04,4,0.98,89.4,136.1,0.587,0.321,1,3,1
REC00529,zone-02,18,4.32,11.5,4.3,0.778,0.251,0,0,0
REC00411,zone-02,4,10.36,74.9,196.3,0.61,0.429,1,4,1
REC01577,zone-06,20,6.78,100.9,218.3,0.407,0.641,1,5,1
REC01732,zone-06,19,4.57,5.1,28.8,0.356,0.61,0,0,0
REC00250,zone-01,13,5.62,16.6,34.2,0.52,0.281,0,0,0
REC00296,zone-01,21,7.36,150.9,236.9,0.811,0.02,1,2,1
REC00598,zone-02,1,3.87,0,27.3,1.0,0.038,0,0,0
REC00505,zone-02,3,5.28,3.2,0,0.752,0.02,0,0,0
REC00082,zone-01,23,4.03,14.3,42.4,1.0,0.02,0,1,0
REC01234,zone-05,0,6.08,23.0,14.9,0.647,0.385,0,0,0
REC01272,zone-05,8,9.1,172.6,222.7,0.644,0.369,1,3,1
REC01795,zone-06,22,5.58,3.9,31.4,0.563,0.403,0,0,0
REC00149,zone-01,0,4.95,13.1,31.5,0.685,0.206,0,0,0
REC01532,zone-06,14,5.04,9.6,35.0,0.373,0.481,0,0,0
REC00068,zone-01,1,0,177.7,176.0,0.89,0.13,3,5,1
REC02004,zone-07,10,9.41,154.7,229.7,0.153,0.793,2,4,1
REC01876,zone-07,5,5.01,17.5,9.6,0.497,0.551,1,0,0
REC00828,zone-03,2,4.98,30.0,21.8,0.6,0.26,0,1,0
REC00244,zone-01,2,3.23,4.9,3.0,0.777,0.113,0,0,0
REC01897,zone-07,1,4.26,12.2,8.2,0.627,0.421,0,0,0
REC01973,zone-07,17,4.68,25.0,9.8,0.111,0.862,0,2,0
REC01748,zone-06,1,0.5,117.0,246.8,0.75,0.098,3,2,1
REC00855,zone-03,20,4.33,22.1,16.6,0.549,0.494,0,0,0
REC01806,zone-07,23,8.6,81.1,98.5,0.421,0.614,1,4,1
REC01702,zone-06,22,5.19,7.4,24.9,0.532,0.308,0,0,0
REC01151,zone-04,4,4.21,22.3,14.9,0.697,0.307,0,0,0
REC01085,zone-04,4,11.38,171.1,154.5,0.693,0.346,3,4,1
REC00309,zone-02,20,5.61,7.3,8.7,0.807,0.229,0,0,0
REC00080,zone-01,15,2.92,20.9,5.7,0.931,0.066,1,0,0
REC01868,zone-07,23,4.72,14.7,27.0,0.606,0.458,0,1,0
REC01831,zone-07,15,4.32,11.9,48.0,0.087,0.883,0,1,0
REC00331,zone-02,17,0.46,158.9,111.5,0.584,0.467,1,2,1
REC01890,zone-07,11,5.64,3.7,17.9,0.132,0.818,0,0,0
REC01842,zone-07,18,6.64,6.2,35.0,0.16,0.856,1,0,0
REC01344,zone-05,14,4.96,14.6,0,0.362,0.626,0,0,0
REC00639,zone-03,5,4.49,15.2,8.7,0.721,0.169,0,0,0
REC01738,zone-06,3,6.29,27.3,26.8,0.737,0.333,0,0,0
REC00098,zone-01,21,3.99,13.0,25.4,0.934,0.02,0,0,0
REC00052,zone-01,23,8.93,155.9,137.1,1.0,0.036,3,4,1
REC01581,zone-06,23,4.33,14.5,19.6,0.785,0.223,0,2,0
REC00171,zone-01,18,2.5,18.7,49.6,0.848,0.02,0,0,0
REC02064,zone-07,4,3.75,10.8,9.5,0.306,0.583,0,0,0
REC01358,zone-05,12,5.81,12.7,34.2,0.323,0.657,0,0,0
REC01209,zone-05,3,6.71,9.9,9.3,0.608,0.306,0,2,0
REC01455,zone-05,2,5.02,7.1,40.9,0.603,0.149,0,2,0
REC01341,zone-05,23,0,112.1,144.1,0.769,0.117,2,4,1
REC01185,zone-04,7,4.26,17.4,0,0.229,0.728,0,0,0
REC00580,zone-02,3,4.02,21.0,26.1,0.931,0.138,0,1,0
REC01998,zone-07,0,3.97,8.4,19.0,0.767,0.276,0,0,0
REC00022,zone-01,4,6.13,14.6,26.3,0.801,0.048,0,0,0
REC00821,zone-03,17,3.68,15.5,20.4,0.255,0.75,1,0,0
REC00213,zone-01,13,0.42,185.4,80.5,0.846,0.034,3,4,1
REC00187,zone-01,22,6.89,33.9,8.2,0.693,0.02,0,2,0
REC02051,zone-07,23,5.46,17.7,7.7,0.558,0.381,0,1,0
REC01862,zone-07,19,5.91,17.5,22.9,0.066,0.928,0,0,0
REC00515,zone-02,19,1.15,65.1,103.8,0.705,0.3,2,4,1
REC00152,zone-01,4,3.3,10.5,41.0,0.886,0.13,0,0,0
REC00078,zone-01,13,4.46,11.5,11.9,0.855,0.25,0,0,0
REC00444,zone-02,0,3.43,4.9,7.3,0.732,0.129,0,0,0
REC01230,zone-05,5,5.16,24.9,11.7,0.834,0.148,0,0,0
REC01011,zone-04,6,3.75,21.1,18.8,0.317,0.599,0,0,0
REC00890,zone-03,10,3.31,19.9,15.1,0.412,0.508,0,0,0
REC01772,zone-06,23,3.81,0,14.6,0.501,0.356,1,0,0
REC00146,zone-01,3,8.18,72.8,263.2,0.749,0.142,2,5,1
REC01956,zone-07,0,0,97.4,159.7,0.791,0.2,2,4,1
REC00128,zone-01,0,0.7,139.1,256.4,0.694,0.07,2,2,1
REC01492,zone-05,2,1.37,149.9,220.2,0.575,0.254,2,3,1
REC00182,zone-01,20,3.76,24.7,18.7,0.89,0.187,0,0,0
REC00544,zone-02,16,4.11,14.7,22.5,0.812,0.276,0,0,0
REC01416,zone-05,2,9.57,163.2,156.0,0.659,0.146,1,2,1
REC01633,zone-06,21,0,142.2,118.6,0.737,0.336,1,5,1
REC01118,zone-04,9,5.04,22.1,0,0.334,0.645,0,0,0
REC01154,zone-04,7,5.66,27.5,11.7,0.251,0.651,0,0,0
REC01691,zone-06,2,9.96,128.1,114.8,0.923,0.116,1,5,1
REC00094,zone-01,23,2.24,89.9,187.5,0.716,0.187,2,3,1
REC00577,zone-02,22,6.19,22.8,19.0,0.848,0.121,0,0,0
REC00206,zone-01,4,8.39,100.4,220.0,0.962,0.155,2,3,1
REC01628,zone-06,11,4.9,0,15.9,0.146,0.828,0,2,0
REC01093,zone-04,5,0.07,66.4,78.0,0.845,0.076,2,5,1
REC00561,zone-02,0,10.64,99.1,106.3,0.785,0.191,2,4,1
REC01405,zone-05,0,10.9,129.5,157.3,0.606,0.247,3,3,1
REC01960,zone-07,20,0,90.4,179.7,0.309,0.686,1,2,1
REC00421,zone-02,13,4.29,18.5,27.8,0.633,0.302,1,0,0
REC01639,zone-06,7,5.11,37.1,12.4,0.519,0.545,1,0,0
REC01346,zone-05,7,4.26,13.8,18.2,0.341,0.541,0,0,0
REC00988,zone-04,22,5.25,5.6,21.0,0.752,0.211,1,0,0
REC01707,zone-06,2,10.46,186.6,195.8,0.43,0.403,3,5,1
REC00859,zone-03,6,5.31,22.4,15.6,0.166,0.814,0,0,0
REC01364,zone-05,22,3.59,12.9,0,0.5,0.389,0,0,0
REC01880,zone-07,20,6.0,0.2,0.5,0.346,0.645,0,0,0
REC00976,zone-04,6,6.96,10.4,29.9,0.315,0.684,0,1,0
REC00442,zone-02,2,4.88,14.0,32.3,0.466,0.34,0,2,0
REC00557,zone-02,6,4.22,22.4,21.2,0.454,0.402,0,0,0
REC01991,zone-07,22,4.26,10.1,14.1,0.621,0.265,0,0,0
REC00558,zone-02,23,4.08,10.5,38.7,0.762,0.02,0,0,0
REC00475,zone-02,6,2.95,21.5,11.1,0.744,0.295,0,0,0
REC00464,zone-02,0,4.34,7.8,14.9,0.747,0.308,0,1,0
REC00798,zone-03,3,5.5,13.9,23.4,0.711,0.199,0,0,0
REC00334,zone-02,6,3.69,13.8,19.4,0.282,0.665,0,0,0
REC00139,zone-01,14,9.74,116.1,194.8,0.876,0.238,1,5,1
REC01115,zone-04,0,5.68,0,30.9,0.988,0.045,0,0,0
REC01012,zone-04,5,0,113.9,196.0,0.816,0.24,2,2,1
REC01644,zone-06,10,5.58,12.8,2.8,0.457,0.522,0,0,0
REC00466,zone-02,4,5.75,22.4,13.3,0.735,0.3,0,0,0
REC00113,zone-01,10,5.23,6.0,25.4,0.725,0.192,0,0,0
REC01434,zone-05,22,7.35,101.7,132.4,0.662,0.161,2,3,1
REC00696,zone-03,15,5.45,15.1,8.4,0.429,0.609,0,0,0
REC00441,zone-02,15,8.56,107.6,244.6,0.755,0.22,2,2,1
REC01596,zone-06,4,3.94,6.9,14.4,1.0,0.035,1,0,0
REC00430,zone-02,1,9.55,111.5,204.3,0.652,0.416,1,3,1
REC00135,zone-01,16,5.04,7.1,20.1,0.876,0.15,0,0,0
REC00455,zone-02,12,4.12,28.3,24.6,0.392,0.545,0,1,0
REC00904,zone-04,3,4.87,9.6,46.3,0.711,0.151,0,0,0
REC01347,zone-05,19,3.78,21.0,29.9,0.364,0.541,0,0,0
REC00895,zone-03,20,2.64,24.2,31.9,0.28,0.711,0,0,0
REC00919,zone-04,8,3.29,16.6,5.5,0.598,0.465,0,0,0
REC01687,zone-06,22,3.89,15.0,27.7,0.642,0.209,0,2,0
REC00105,zone-01,6,3.32,21.1,24.9,0.776,0.144,0,0,0
REC01850,zone-07,0,3.19,14.8,17.7,0.569,0.263,0,0,0
REC01680,zone-06,22,3.1,9.2,20.7,0.649,0.205,0,1,0
REC00363,zone-02,17,4.98,12.3,8.0,0.836,0.236,1,0,0
REC02086,zone-07,2,4.98,15.7,0,0.371,0.641,0,0,0
REC01197,zone-04,23,4.09,19.8,39.3,0.688,0.214,0,0,0
REC01570,zone-06,21,6.6,29.8,28.9,0.818,0.08,1,0,0
REC01695,zone-06,22,10.0,80.2,147.7,0.659,0.287,2,3,1
REC00744,zone-03,8,5.5,38.9,0,0.447,0.484,0,2,0
REC00450,zone-02,2,4.15,12.5,0,0.717,0.145,0,0,0
REC00328,zone-02,21,8.9,113.5,280.3,1.0,0.02,3,4,1
REC02072,zone-07,2,12.02,67.7,164.3,0.476,0.347,2,2,1
REC01075,zone-04,19,4.58,7.7,28.4,0.345,0.61,0,0,0
REC01620,zone-06,5,1.35,169.2,285.3,0.77,0.145,1,3,1
REC00882,zone-03,6,4.68,4.6,11.7,0.476,0.492,1,0,0
REC00047,zone-01,20,3.0,15.5,22.3,1.0,0.034,0,0,0
REC01232,zone-05,22,1.18,141.4,237.0,0.697,0.393,3,3,1
REC00569,zone-02,6,4.73,8.6,20.9,0.715,0.189,0,0,0
REC01885,zone-07,0,2.47,12.4,28.7,0.641,0.254,0,0,0
REC00446,zone-02,12,4.34,12.9,31.7,0.591,0.182,0,1,0
REC00784,zone-03,15,3.53,11.1,0.9,0.288,0.718,0,1,0
REC00841,zone-03,7,4.38,22.1,26.2,0.519,0.383,0,1,0
REC01661,zone-06,7,5.44,29.7,4.2,0.394,0.518,0,0,0
REC01411,zone-05,1,5.75,19.8,33.3,0.83,0.271,0,0,0
REC01215,zone-05,23,9.19,175.4,223.8,0.649,0.214,1,5,1
REC01592,zone-06,6,6.6,16.7,12.9,0.375,0.578,0,0,0
REC00674,zone-03,2,0,166.4,171.7,0.719,0.051,1,3,1
REC00591,zone-02,18,5.4,15.1,29.7,0.49,0.464,0,0,0
REC01139,zone-04,14,1.75,95.4,217.0,0.517,0.481,1,3,1
REC01325,zone-05,1,4.68,8.9,17.5,0.788,0.086,0,0,0
REC00754,zone-03,1,2.15,147.4,110.5,0.68,0.134,1,3,1
REC01626,zone-06,22,3.83,8.8,25.8,0.622,0.385,0,0,0
REC01811,zone-07,6,4.71,2.8,20.4,0.046,0.958,1,0,0
